date,txVolume(USD),txCount,marketcap(USD),price(USD),exchangeVolume(USD),activeAddresses
2015-10-30,null,null,0.0,1.62,5655.0,null,
2015-10-31,null,null,0.0,1.7,3770.0,null,
2015-11-01,null,null,0.0,1.58,3332.0,null,
2015-11-02,null,null,0.0,1.68,4418.0,null,
2015-11-03,null,null,0.0,1.84,6808.0,null,
2015-11-04,null,null,0.0,2.08,9166.0,null,
2015-11-05,null,null,0.0,2.07,855.0,null,
2015-11-06,null,null,0.0,1.97,73.0,null,
2015-11-07,null,null,0.0,1.95,753.0,null,
2015-11-08,null,null,0.0,1.98,1092.0,null,
2015-11-09,null,null,0.0,1.93,4313.0,null,
2015-11-10,null,null,0.0,1.94,2087.0,null,
2015-11-11,null,null,0.0,1.75,6071.0,null,
2015-11-12,null,null,0.0,1.66,2958.0,null,
2015-11-13,null,null,0.0,1.62,820.0,null,
2015-11-14,null,null,0.0,1.61,518.0,null,
2015-11-15,null,null,0.0,1.6,60.0,null,
2015-11-16,null,null,0.0,1.56,478.0,null,
2015-11-17,null,null,0.0,1.62,700.0,null,
2015-11-18,null,null,0.0,1.64,44.0,null,
2015-11-19,null,null,0.0,1.64,67.0,null,
2015-11-20,null,null,0.0,1.59,207.0,null,
2015-11-21,null,null,0.0,1.58,84.0,null,
2015-11-22,null,null,0.0,1.6,185.0,null,
2015-11-23,null,null,0.0,1.59,298.0,null,
2015-11-24,null,null,0.0,1.53,20.0,null,
2015-11-25,null,null,0.0,1.53,83.0,null,
2015-11-26,null,null,0.0,1.59,170.0,null,
2015-11-27,null,null,0.0,1.66,165.0,null,
2015-11-28,null,null,0.0,1.71,510.0,null,
2015-11-29,null,null,0.0,1.74,371.0,null,
2015-11-30,null,null,0.0,1.78,510.0,null,
2015-12-01,null,null,0.0,1.51,445.0,null,
2015-12-02,null,null,0.0,1.56,86.0,null,
2015-12-03,null,null,0.0,1.55,187.0,null,
2015-12-04,null,null,0.0,1.56,230.0,null,
2015-12-05,null,null,0.0,1.63,612.0,null,
2015-12-06,null,null,0.0,1.84,548.0,null,
2015-12-07,null,null,0.0,1.83,36.0,null,
2015-12-08,null,null,0.0,1.66,155.0,null,
2015-12-09,null,null,0.0,1.87,129.0,null,
2015-12-10,null,null,0.0,1.67,580.0,null,
2015-12-11,null,null,0.0,1.89,208.0,null,
2015-12-12,null,null,0.0,2.18,512.0,null,
2015-12-13,null,null,0.0,2.11,2.0,null,
2015-12-14,null,null,0.0,2.17,2.0,null,
2015-12-15,null,null,0.0,2.13,259.0,null,
2015-12-16,null,null,0.0,2.29,236.0,null,
2015-12-17,null,null,0.0,2.3,113.0,null,
2015-12-18,null,null,0.0,2.19,113.0,null,
2015-12-19,null,null,0.0,2.34,1882.0,null,
2015-12-20,null,null,0.0,2.39,514.0,null,
2015-12-21,null,null,0.0,2.06,361.0,null,
2015-12-22,null,null,0.0,2.04,372.0,null,
2015-12-23,null,null,0.0,1.99,860.0,null,
2015-12-24,null,null,0.0,2.1,441.0,null,
2015-12-25,null,null,0.0,2.23,686.0,null,
2015-12-26,null,null,0.0,2.52,148.0,null,
2015-12-27,null,null,0.0,2.37,147.0,null,
2015-12-28,null,null,0.0,2.09,281.0,null,
2015-12-29,null,null,0.0,2.35,299.0,null,
2015-12-30,null,null,0.0,1.98,216.0,null,
2015-12-31,null,null,0.0,2.09,117.0,null,
2016-01-01,null,null,0.0,2.18,1364.0,null,
2016-01-02,null,null,0.0,2.17,149.0,null,
2016-01-03,null,null,0.0,2.21,366.0,null,
2016-01-04,null,null,0.0,2.06,449.0,null,
2016-01-05,null,null,0.0,2.38,731.0,null,
2016-01-06,null,null,0.0,2.01,390.0,null,
2016-01-07,null,null,0.0,2.04,925.0,null,
2016-01-08,null,null,0.0,1.97,288.0,null,
2016-01-09,null,null,0.0,2.4,879.0,null,
2016-01-10,null,null,0.0,2.17,244.0,null,
2016-01-11,null,null,0.0,2.29,89.0,null,
2016-01-12,null,null,0.0,2.31,337.0,null,
2016-01-13,null,null,0.0,2.3,310.0,null,
2016-01-14,null,null,0.0,2.29,46.0,null,
2016-01-15,null,null,0.0,2.18,691.0,null,
2016-01-16,null,null,0.0,1.93,700.0,null,
2016-01-17,null,null,0.0,2.05,67.0,null,
2016-01-18,null,null,0.0,2.02,460.0,null,
2016-01-19,null,null,0.0,2.09,809.0,null,
2016-01-20,null,null,0.0,2.16,1380.0,null,
2016-01-21,null,null,0.0,2.48,302.0,null,
2016-01-22,null,null,0.0,2.42,24.0,null,
2016-01-23,null,null,0.0,2.36666666667,89.3333333333,null,
2016-01-24,null,null,0.0,2.31333333333,154.666666667,null,
2016-01-25,null,null,0.0,2.26,220.0,null,
2016-01-26,null,null,0.0,2.16,1891.0,null,
2016-01-27,null,null,0.0,2.35,4223.0,null,
2016-01-28,null,null,0.0,2.85,1184.0,null,
2016-01-29,null,null,0.0,2.66,2189.0,null,
2016-01-30,null,null,0.0,2.58,1735.0,null,
2016-01-31,null,null,0.0,2.38,479.0,null,
2016-02-01,null,null,0.0,2.14,2033.0,null,
2016-02-02,null,null,0.0,2.37,943.0,null,
2016-02-03,null,null,0.0,2.25,2326.0,null,
2016-02-04,null,null,0.0,2.48,920.0,null,
2016-02-05,null,null,0.0,2.49,1048.0,null,
2016-02-06,null,null,0.0,2.88,1050.0,null,
2016-02-07,null,null,0.0,2.8,404.0,null,
2016-02-08,null,null,0.0,2.8,2112.0,null,
2016-02-09,null,null,0.0,2.78,781.0,null,
2016-02-10,null,null,0.0,2.78,1552.0,null,
2016-02-11,null,null,0.0,7.09,2122.0,null,
2016-02-12,null,null,0.0,3.19,10572.0,null,
2016-02-13,null,null,0.0,3.54,4840.0,null,
2016-02-14,null,null,0.0,3.76,1873.0,null,
2016-02-15,null,null,0.0,3.46,16200.0,null,
2016-02-16,null,null,0.0,3.77,4135.0,null,
2016-02-17,null,null,0.0,3.87,6218.0,null,
2016-02-18,null,null,0.0,4.17,2746.0,null,
2016-02-19,null,null,0.0,4.1,4840.0,null,
2016-02-20,null,null,0.0,4.19,4382.0,null,
2016-02-21,null,null,0.0,4.33,5238.0,null,
2016-02-22,null,null,0.0,4.25,3574.0,null,
2016-02-23,null,null,0.0,4.38,3159.0,null,
2016-02-24,null,null,0.0,4.25,11470.0,null,
2016-02-25,null,null,0.0,4.8,14119.0,null,
2016-02-26,null,null,0.0,4.63,3908.0,null,
2016-02-27,null,null,0.0,4.89,3924.0,null,
2016-02-28,null,null,0.0,4.39,9.0,null,
2016-02-29,null,null,0.0,5.08,5832.0,null,
2016-03-01,null,null,0.0,5.16,13615.0,null,
2016-03-02,null,null,0.0,5.18,30134.0,null,
2016-03-03,null,null,0.0,7.21,57120.0,null,
2016-03-04,null,null,0.0,8.01,20310.0,null,
2016-03-05,null,null,0.0,7.89,28457.0,null,
2016-03-06,null,null,0.0,7.21,18326.0,null,
2016-03-07,null,null,0.0,8.19,19487.0,null,
2016-03-08,null,null,0.0,8.5,25264.0,null,
2016-03-09,null,null,0.0,8.28,22374.0,null,
2016-03-10,null,null,0.0,8.17,43686.0,null,
2016-03-11,null,null,0.0,9.16,29441.0,null,
2016-03-12,null,null,0.0,9.3,65512.0,null,
2016-03-13,null,null,0.0,10.29,5436.0,null,
2016-03-14,null,null,0.0,10.17,20413.0,null,
2016-03-15,null,null,0.0,10.3,48919.0,null,
2016-03-16,null,null,0.0,12.92,127764.0,null,
2016-03-17,null,null,0.0,15.06,31184.0,null,
2016-03-18,null,null,0.0,12.66,8312.0,null,
2016-03-19,null,null,0.0,12.52,1721.0,null,
2016-03-20,null,null,0.0,14.36,3102.0,null,
2016-03-21,null,null,0.0,12.77,47335.0,null,
2016-03-22,null,null,0.0,11.6,46246.0,null,
2016-03-23,null,null,0.0,13.51,14210.0,null,
2016-03-24,null,null,0.0,12.13,17800.0,null,
2016-03-25,null,null,0.0,11.63,36710.0,null,
2016-03-26,null,null,0.0,11.52,60487.0,null,
2016-03-27,null,null,0.0,10.65,29161.0,null,
2016-03-28,null,null,0.0,11.09,56555.0,null,
2016-03-29,null,null,0.0,11.4,15626.0,null,
2016-03-30,null,null,0.0,9.4,2913.0,null,
2016-03-31,null,null,0.0,10.75,11651.0,null,
2016-04-01,null,null,0.0,9.96,16541.0,null,
2016-04-02,null,null,0.0,9.51,16642.0,null,
2016-04-03,null,null,0.0,9.52,25517.0,null,
2016-04-04,null,null,0.0,9.46,35980.0,null,
2016-04-05,null,null,0.0,9.03,31211.0,null,
2016-04-06,null,null,0.0,9.48,66404.0,null,
2016-04-07,null,null,0.0,9.4,78918.0,null,
2016-04-08,null,null,0.0,9.09,17254.0,null,
2016-04-09,null,null,0.0,8.42,6091.0,null,
2016-04-10,null,null,0.0,8.07,9347.0,null,
2016-04-11,null,null,0.0,7.68,19203.0,null,
2016-04-12,null,null,0.0,7.87,13931.0,null,
2016-04-13,null,null,0.0,6.84,2959.0,null,
2016-04-14,null,null,0.0,7.15,4024.0,null,
2016-04-15,null,null,0.0,6.92,1643.0,null,
2016-04-16,null,null,0.0,7.91,11407.0,null,
2016-04-17,null,null,0.0,7.19,10380.0,null,
2016-04-18,null,null,0.0,6.84,8141.0,null,
2016-04-19,null,null,0.0,8.15,20129.0,null,
2016-04-20,null,null,0.0,8.16,5595.0,null,
2016-04-21,null,null,0.0,7.95,4260.0,null,
2016-04-22,null,null,0.0,8.28,5405.0,null,
2016-04-23,null,null,0.0,7.21,6765.0,null,
2016-04-24,null,null,0.0,7.52,7498.0,null,
2016-04-25,null,null,0.0,7.48,11460.0,null,
2016-04-26,null,null,0.0,7.39,4763.0,null,
2016-04-27,null,null,0.0,6.92,4800.0,null,
2016-04-28,null,null,0.0,5.03,5158.0,null,
2016-04-29,null,null,0.0,6.94,5571.0,null,
2016-04-30,null,null,0.0,5.07,3815.0,null,
2016-05-01,null,null,0.0,5.25,8050.0,null,
2016-05-02,null,null,0.0,6.45,6882.0,null,
2016-05-03,null,null,0.0,7.04,5380.0,null,
2016-05-04,null,null,0.0,5.81,8935.0,null,
2016-05-05,null,null,0.0,6.48,4371.0,null,
2016-05-06,null,null,0.0,6.94,4975.0,null,
2016-05-07,null,null,0.0,5.74,8401.0,null,
2016-05-08,null,null,0.0,6.62,6475.0,null,
2016-05-09,null,null,0.0,5.96,3185.0,null,
2016-05-10,null,null,0.0,6.37,7262.0,null,
2016-05-11,null,null,0.0,7.17,6198.0,null,
2016-05-12,null,null,0.0,5.93,4455.0,null,
2016-05-13,null,null,0.0,6.69,3315.0,null,
2016-05-14,null,null,0.0,6.6,3313.0,null,
2016-05-15,null,null,0.0,6.6304950495,3294.31683168,null,
2016-05-16,null,null,0.0,6.66099009901,3275.63366337,null,
2016-05-17,null,null,0.0,6.69148514851,3256.95049505,null,
2016-05-18,null,null,0.0,6.72198019802,3238.26732673,null,
2016-05-19,null,null,0.0,6.75247524752,3219.58415842,null,
2016-05-20,null,null,0.0,6.78297029703,3200.9009901,null,
2016-05-21,null,null,0.0,6.81346534653,3182.21782178,null,
2016-05-22,null,null,0.0,6.84396039604,3163.53465347,null,
2016-05-23,null,null,0.0,6.87445544554,3144.85148515,null,
2016-05-24,null,null,0.0,6.90495049505,3126.16831683,null,
2016-05-25,null,null,0.0,6.93544554455,3107.48514851,null,
2016-05-26,null,null,0.0,6.96594059406,3088.8019802,null,
2016-05-27,null,null,0.0,6.99643564356,3070.11881188,null,
2016-05-28,null,null,0.0,7.02693069307,3051.43564356,null,
2016-05-29,null,null,0.0,7.05742574257,3032.75247525,null,
2016-05-30,null,null,0.0,7.08792079208,3014.06930693,null,
2016-05-31,null,null,0.0,7.11841584158,2995.38613861,null,
2016-06-01,null,null,0.0,7.14891089109,2976.7029703,null,
2016-06-02,null,null,0.0,7.17940594059,2958.01980198,null,
2016-06-03,null,null,0.0,7.2099009901,2939.33663366,null,
2016-06-04,null,null,0.0,7.2403960396,2920.65346535,null,
2016-06-05,null,null,0.0,7.27089108911,2901.97029703,null,
2016-06-06,null,null,0.0,7.30138613861,2883.28712871,null,
2016-06-07,null,null,0.0,7.33188118812,2864.6039604,null,
2016-06-08,null,null,0.0,7.36237623762,2845.92079208,null,
2016-06-09,null,null,0.0,7.39287128713,2827.23762376,null,
2016-06-10,null,null,0.0,7.42336633663,2808.55445545,null,
2016-06-11,null,null,0.0,7.45386138614,2789.87128713,null,
2016-06-12,null,null,0.0,7.48435643564,2771.18811881,null,
2016-06-13,null,null,0.0,7.51485148515,2752.5049505,null,
2016-06-14,null,null,0.0,7.54534653465,2733.82178218,null,
2016-06-15,null,null,0.0,7.57584158416,2715.13861386,null,
2016-06-16,null,null,0.0,7.60633663366,2696.45544554,null,
2016-06-17,null,null,0.0,7.63683168317,2677.77227723,null,
2016-06-18,null,null,0.0,7.66732673267,2659.08910891,null,
2016-06-19,null,null,0.0,7.69782178218,2640.40594059,null,
2016-06-20,null,null,0.0,7.72831683168,2621.72277228,null,
2016-06-21,null,null,0.0,7.75881188119,2603.03960396,null,
2016-06-22,null,null,0.0,7.78930693069,2584.35643564,null,
2016-06-23,null,null,0.0,7.8198019802,2565.67326733,null,
2016-06-24,null,null,0.0,7.8502970297,2546.99009901,null,
2016-06-25,null,null,0.0,7.88079207921,2528.30693069,null,
2016-06-26,null,null,0.0,7.91128712871,2509.62376238,null,
2016-06-27,null,null,0.0,7.94178217822,2490.94059406,null,
2016-06-28,null,null,0.0,7.97227722772,2472.25742574,null,
2016-06-29,null,null,0.0,8.00277227723,2453.57425743,null,
2016-06-30,null,null,0.0,8.03326732673,2434.89108911,null,
2016-07-01,null,null,0.0,8.06376237624,2416.20792079,null,
2016-07-02,null,null,0.0,8.09425742574,2397.52475248,null,
2016-07-03,null,null,0.0,8.12475247525,2378.84158416,null,
2016-07-04,null,null,0.0,8.15524752475,2360.15841584,null,
2016-07-05,null,null,0.0,8.18574257426,2341.47524752,null,
2016-07-06,null,null,0.0,8.21623762376,2322.79207921,null,
2016-07-07,null,null,0.0,8.24673267327,2304.10891089,null,
2016-07-08,null,null,0.0,8.27722772277,2285.42574257,null,
2016-07-09,null,null,0.0,8.30772277228,2266.74257426,null,
2016-07-10,null,null,0.0,8.33821782178,2248.05940594,null,
2016-07-11,null,null,0.0,8.36871287129,2229.37623762,null,
2016-07-12,null,null,0.0,8.39920792079,2210.69306931,null,
2016-07-13,null,null,0.0,8.4297029703,2192.00990099,null,
2016-07-14,null,null,0.0,8.4601980198,2173.32673267,null,
2016-07-15,null,null,0.0,8.49069306931,2154.64356436,null,
2016-07-16,null,null,0.0,8.52118811881,2135.96039604,null,
2016-07-17,null,null,0.0,8.55168316832,2117.27722772,null,
2016-07-18,null,null,0.0,8.58217821782,2098.59405941,null,
2016-07-19,null,null,0.0,8.61267326733,2079.91089109,null,
2016-07-20,null,null,0.0,8.64316831683,2061.22772277,null,
2016-07-21,null,null,0.0,8.67366336634,2042.54455446,null,
2016-07-22,null,null,0.0,8.70415841584,2023.86138614,null,
2016-07-23,null,null,0.0,8.73465346535,2005.17821782,null,
2016-07-24,null,null,0.0,8.76514851485,1986.4950495,null,
2016-07-25,null,null,0.0,8.79564356436,1967.81188119,null,
2016-07-26,null,null,0.0,8.82613861386,1949.12871287,null,
2016-07-27,null,null,0.0,8.85663366337,1930.44554455,null,
2016-07-28,null,null,0.0,8.88712871287,1911.76237624,null,
2016-07-29,null,null,0.0,8.91762376238,1893.07920792,null,
2016-07-30,null,null,0.0,8.94811881188,1874.3960396,null,
2016-07-31,null,null,0.0,8.97861386139,1855.71287129,null,
2016-08-01,null,null,0.0,9.00910891089,1837.02970297,null,
2016-08-02,null,null,0.0,9.0396039604,1818.34653465,null,
2016-08-03,null,null,0.0,9.0700990099,1799.66336634,null,
2016-08-04,null,null,0.0,9.10059405941,1780.98019802,null,
2016-08-05,null,null,0.0,9.13108910891,1762.2970297,null,
2016-08-06,null,null,0.0,9.16158415842,1743.61386139,null,
2016-08-07,null,null,0.0,9.19207920792,1724.93069307,null,
2016-08-08,null,null,0.0,9.22257425743,1706.24752475,null,
2016-08-09,null,null,0.0,9.25306930693,1687.56435644,null,
2016-08-10,null,null,0.0,9.28356435644,1668.88118812,null,
2016-08-11,null,null,0.0,9.31405940594,1650.1980198,null,
2016-08-12,null,null,0.0,9.34455445545,1631.51485149,null,
2016-08-13,null,null,0.0,9.37504950495,1612.83168317,null,
2016-08-14,null,null,0.0,9.40554455446,1594.14851485,null,
2016-08-15,null,null,0.0,9.43603960396,1575.46534653,null,
2016-08-16,null,null,0.0,9.46653465347,1556.78217822,null,
2016-08-17,null,null,0.0,9.49702970297,1538.0990099,null,
2016-08-18,null,null,0.0,9.52752475248,1519.41584158,null,
2016-08-19,null,null,0.0,9.55801980198,1500.73267327,null,
2016-08-20,null,null,0.0,9.58851485149,1482.04950495,null,
2016-08-21,null,null,0.0,9.61900990099,1463.36633663,null,
2016-08-22,null,null,0.0,9.6495049505,1444.68316832,null,
2016-08-23,null,null,0.0,9.68,1426.0,null,
2016-08-24,null,null,0.0,10.15,4246.0,null,
2016-08-25,null,null,0.0,10.62,1283.0,null,
2016-08-26,null,null,0.0,10.63,1819.0,null,
2016-08-27,null,null,0.0,12.57,403.0,null,
2016-08-28,null,null,0.0,12.36,224.0,null,
2016-08-29,null,null,0.0,9.76,1.0,null,
2016-08-30,null,null,0.0,11.48,1123.0,null,
2016-08-31,null,null,0.0,9.82,517.0,null,
2016-09-01,null,null,0.0,9.21,263.0,null,
2016-09-02,null,null,0.0,9.16,709.0,null,
2016-09-03,null,null,0.0,9.21,802.0,null,
2016-09-04,null,null,0.0,6.58,105.0,null,
2016-09-05,null,null,0.0,10.35,933.0,null,
2016-09-06,null,null,0.0,10.31,5135.0,null,
2016-09-07,null,null,0.0,11.9,1849.0,null,
2016-09-08,null,null,0.0,10.57,2026.0,null,
2016-09-09,null,null,0.0,4.95,772.0,null,
2016-09-10,null,null,0.0,9.97,220.0,null,
2016-09-11,null,null,0.0,9.98,198.0,null,
2016-09-12,null,null,0.0,9.71,6478.0,null,
2016-09-13,null,null,0.0,11.68,893.0,null,
2016-09-14,null,null,0.0,11.33,531.0,null,
2016-09-15,null,null,0.0,9.89,185.0,null,
2016-09-16,null,null,0.0,12.14,765.0,null,
2016-09-17,null,null,0.0,10.93,439.0,null,
2016-09-18,null,null,0.0,9.82,244.0,null,
2016-09-19,null,null,0.0,9.95,55.0,null,
2016-09-20,null,null,0.0,12.12,55.0,null,
2016-09-21,null,null,0.0,10.29,120.0,null,
2016-09-22,null,null,0.0,10.27,3488.0,null,
2016-09-23,null,null,0.0,11.63,603.0,null,
2016-09-24,null,null,0.0,11.94,1058.0,null,
2016-09-25,null,null,0.0,10.37,1.0,null,
2016-09-26,null,null,0.0,11.72,561.0,null,
2016-09-27,null,null,0.0,10.59,2558.0,null,
2016-09-28,null,null,0.0,10.67,0.0,null,
2016-09-29,null,null,0.0,10.28,1732.0,null,
2016-09-30,null,null,0.0,11.27,1706.0,null,
2016-10-01,null,null,0.0,12.19,593.0,null,
2016-10-02,null,null,0.0,12.28,1409.0,null,
2016-10-03,null,null,0.0,13.43,70973.0,null,
2016-10-04,null,null,0.0,18.36,36267.0,null,
2016-10-05,null,null,0.0,14.34,12065200.0,null,
2016-10-06,null,null,99024700.0,9.0,9462610.0,null,
2016-10-07,null,null,80687300.0,7.34,3666620.0,null,
2016-10-08,null,null,73760700.0,6.71,2552960.0,null,
2016-10-09,null,null,75343700.0,6.85,2654660.0,null,
2016-10-10,null,null,77912100.0,7.08,2121650.0,null,
2016-10-11,null,null,73011000.0,6.64,2559300.0,null,
2016-10-12,null,null,63391500.0,5.76,1257480.0,null,
2016-10-13,null,null,65057900.0,5.91,1464160.0,null,
2016-10-14,null,null,67574500.0,6.14,1119820.0,null,
2016-10-15,null,null,63481300.0,5.77,595304.0,null,
2016-10-16,null,null,63772700.0,5.8,262490.0,null,
2016-10-17,null,null,62895000.0,5.72,1065750.0,null,
2016-10-18,null,null,55487400.0,5.04,1201840.0,null,
2016-10-19,null,null,59970100.0,5.45,371488.0,null,
2016-10-20,null,null,57679200.0,5.24,237343.0,null,
2016-10-21,null,null,56375000.0,5.13,353304.0,null,
2016-10-22,null,null,59801900.0,5.44,348124.0,null,
2016-10-23,null,null,58536200.0,5.32,143175.0,null,
2016-10-24,null,null,58084100.0,5.28,229791.0,null,
2016-10-25,null,null,56396800.0,5.13,542001.0,null,
2016-10-26,null,null,53162800.0,4.83,734443.0,null,
2016-10-27,null,null,56128200.0,5.1,544258.0,null,
2016-10-28,null,null,55134700.0,5.01,415732.0,null,
2016-10-29,null,null,48682400.0,4.43,751009.0,null,
2016-10-30,null,null,45800700.0,4.16,346497.0,null,
2016-10-31,null,null,50949600.0,4.63,306438.0,null,
2016-11-01,null,null,49002000.0,4.45,957072.0,null,
2016-11-02,null,null,43977100.0,4.0,373719.0,null,
2016-11-03,null,null,48460600.0,4.41,463674.0,null,
2016-11-04,null,null,49482300.0,4.5,563631.0,null,
2016-11-05,null,null,48130300.0,4.38,713930.0,null,
2016-11-06,null,null,59237300.0,5.39,490816.0,null,
2016-11-07,null,null,54497600.0,4.95,562070.0,null,
2016-11-08,null,null,53443900.0,4.86,218784.0,null,
2016-11-09,null,null,51975100.0,4.73,925290.0,null,
2016-11-10,null,null,49061400.0,4.46,450393.0,null,
2016-11-11,null,null,54109300.0,4.92,268521.0,null,
2016-11-12,null,null,53297100.0,4.85,263426.0,null,
2016-11-13,null,null,53640100.0,4.88,129047.0,null,
2016-11-14,null,null,51288700.0,4.66,119725.0,null,
2016-11-15,null,null,47907900.0,4.36,242285.0,null,
2016-11-16,null,null,50489200.0,4.59,223103.0,null,
2016-11-17,null,null,50086500.0,4.55,290490.0,null,
2016-11-18,null,null,49275900.0,4.48,523043.0,null,
2016-11-19,null,null,46095400.0,4.19,3192770.0,null,
2016-11-20,null,null,50603400.0,4.6,295331.0,null,
2016-11-21,null,null,49716700.0,4.52,128983.0,null,
2016-11-22,null,null,51484900.0,4.68,176003.0,null,
2016-11-23,null,null,49709100.0,4.52,93339.0,null,
2016-11-24,null,null,48110800.0,4.37,166250.0,null,
2016-11-25,null,null,46669500.0,4.24,85457.0,null,
2016-11-26,null,null,46032300.0,4.18,133827.0,null,
2016-11-27,null,null,45728300.0,4.16,58510.0,null,
2016-11-28,null,null,47403600.0,4.31,461672.0,null,
2016-11-29,null,null,40667300.0,3.7,179441.0,null,
2016-11-30,null,null,39962500.0,3.63,120388.0,null,
2016-12-01,null,null,40407900.0,3.67,148843.0,null,
2016-12-02,null,null,39419600.0,3.58,209470.0,null,
2016-12-03,null,null,36688400.0,3.34,78469.0,null,
2016-12-04,null,null,38074100.0,3.46,36292.0,null,
2016-12-05,null,null,36474000.0,3.32,158124.0,null,
2016-12-06,null,null,30951200.0,2.81,1504100.0,null,
2016-12-07,null,null,33359900.0,3.03,365404.0,null,
2016-12-08,null,null,35421000.0,3.22,169892.0,null,
2016-12-09,null,null,35356100.0,3.21,205857.0,null,
2016-12-10,null,null,35608500.0,3.24,379640.0,null,
2016-12-11,null,null,33616300.0,3.06,66433.0,null,
2016-12-12,null,null,35048500.0,3.19,66193.0,null,
2016-12-13,null,null,34718000.0,3.16,65076.0,null,
2016-12-14,null,null,34031700.0,3.09,37149.0,null,
2016-12-15,null,null,34370700.0,3.12,52682.0,null,
2016-12-16,null,null,32564600.0,2.96,136916.0,null,
2016-12-17,null,null,32237200.0,2.93,135501.0,null,
2016-12-18,null,null,30783700.0,2.8,178476.0,null,
2016-12-19,null,null,34018600.0,3.09,72204.0,null,
2016-12-20,null,null,32425000.0,2.95,97304.0,null,
2016-12-21,null,null,30863400.0,2.81,208222.0,null,
2016-12-22,null,null,31674700.0,2.88,242067.0,null,
2016-12-23,null,null,30355800.0,2.76,350671.0,null,
2016-12-24,null,null,27937400.0,2.54,112675.0,null,
2016-12-25,null,null,30454900.0,2.77,210210.0,null,
2016-12-26,null,null,30405900.0,2.76,225805.0,null,
2016-12-27,null,null,36302900.0,3.3,247769.0,null,
2016-12-28,null,null,38060800.0,3.46,409937.0,null,
2016-12-29,null,null,35719400.0,3.25,258671.0,null,
2016-12-30,null,null,38412100.0,3.49,244089.0,null,
2016-12-31,null,null,40521600.0,3.68,206882.0,null,
2017-01-01,null,null,41266900.0,3.75,230517.0,null,
2017-01-02,null,null,43852100.0,3.99,266753.0,null,
2017-01-03,null,null,45843100.0,4.17,437238.0,null,
2017-01-04,null,null,47206200.0,4.29,411248.0,null,
2017-01-05,null,null,54089100.0,4.92,834470.0,null,
2017-01-06,null,null,55685000.0,5.06,567851.0,null,
2017-01-07,null,null,56481600.0,5.13,336699.0,null,
2017-01-08,null,null,51572700.0,4.69,182558.0,null,
2017-01-09,null,null,50844100.0,4.62,298534.0,null,
2017-01-10,null,null,46474600.0,4.22,154430.0,null,
2017-01-11,null,null,45826100.0,4.17,205051.0,null,
2017-01-12,null,null,41548600.0,3.78,93900.0,null,
2017-01-13,null,null,44684000.0,4.06,120206.0,null,
2017-01-14,null,null,47429700.0,4.31,220127.0,null,
2017-01-15,null,null,47000200.0,4.27,90878.0,null,
2017-01-16,null,null,45224400.0,4.11,81000.0,null,
2017-01-17,null,null,44203200.0,4.02,156941.0,null,
2017-01-18,null,null,47721700.0,4.34,177271.0,null,
2017-01-19,null,null,48626200.0,4.42,90338.0,null,
2017-01-20,null,null,49400500.0,4.49,111644.0,null,
2017-01-21,null,null,48708900.0,4.43,109464.0,null,
2017-01-22,null,null,50452900.0,4.59,148974.0,null,
2017-01-23,null,null,51253400.0,4.66,127108.0,null,
2017-01-24,null,null,50152300.0,4.56,241846.0,null,
2017-01-25,null,null,47637800.0,4.33,116659.0,null,
2017-01-26,null,null,47174800.0,4.29,259692.0,null,
2017-01-27,null,null,45329800.0,4.12,228350.0,null,
2017-01-28,null,null,47518700.0,4.32,255334.0,null,
2017-01-29,null,null,46842600.0,4.26,113178.0,null,
2017-01-30,null,null,47543900.0,4.32,68844.0,null,
2017-01-31,null,null,46196100.0,4.2,96346.0,null,
2017-02-01,null,null,47226300.0,4.29,164978.0,null,
2017-02-02,null,null,46364600.0,4.21,136148.0,null,
2017-02-03,null,null,44990700.0,4.09,276453.0,null,
2017-02-04,null,null,45664600.0,4.15,175939.0,null,
2017-02-05,null,null,46507000.0,4.23,72615.0,null,
2017-02-06,null,null,45650000.0,4.15,190404.0,null,
2017-02-07,null,null,46714100.0,4.25,150490.0,null,
2017-02-08,null,null,47400500.0,4.31,332664.0,null,
2017-02-09,null,null,50385200.0,4.58,300312.0,null,
2017-02-10,null,null,47782200.0,4.34,169611.0,null,
2017-02-11,null,null,46215100.0,4.2,91268.0,null,
2017-02-12,null,null,47567400.0,4.32,82761.0,null,
2017-02-13,null,null,49668400.0,4.52,210008.0,null,
2017-02-14,null,null,47500300.0,4.32,518341.0,null,
2017-02-15,null,null,52427600.0,4.77,282551.0,null,
2017-02-16,null,null,53349100.0,4.85,219938.0,null,
2017-02-17,null,null,54372800.0,4.94,144989.0,null,
2017-02-18,null,null,54251100.0,4.93,80608.0,null,
2017-02-19,null,null,55728700.0,5.07,124221.0,null,
2017-02-20,null,null,57148100.0,5.2,167989.0,null,
2017-02-21,null,null,55318100.0,5.03,363361.0,null,
2017-02-22,null,null,50981300.0,4.63,171787.0,null,
2017-02-23,null,null,52004200.0,4.73,99599.0,null,
2017-02-24,null,null,53965000.0,4.91,390417.0,null,
2017-02-25,null,null,51821800.0,4.71,121758.0,null,
2017-02-26,null,null,52367000.0,4.76,114914.0,null,
2017-02-27,null,null,54077500.0,4.92,113106.0,null,
2017-02-28,null,null,52962500.0,4.81,277464.0,null,
2017-03-01,null,null,49936500.0,4.54,497785.0,null,
2017-03-02,null,null,55504000.0,5.05,1447440.0,null,
2017-03-03,null,null,63735900.0,5.79,291826.0,null,
2017-03-04,null,null,62951500.0,5.72,182986.0,null,
2017-03-05,null,null,60853000.0,5.53,391595.0,null,
2017-03-06,null,null,67518300.0,6.14,252442.0,null,
2017-03-07,null,null,65878200.0,5.99,227350.0,null,
2017-03-08,null,null,63082800.0,5.73,137622.0,null,
2017-03-09,null,null,58300900.0,5.3,213755.0,null,
2017-03-10,null,null,60049300.0,5.46,622053.0,null,
2017-03-11,null,null,65468200.0,5.95,561870.0,null,
2017-03-12,null,null,66170400.0,6.02,953843.0,null,
2017-03-13,null,null,80740000.0,7.34,2331790.0,null,
2017-03-14,null,null,85096200.0,7.74,1309670.0,null,
2017-03-15,null,null,91848100.0,8.35,1723790.0,null,
2017-03-16,null,null,111246000.0,10.11,4754740.0,null,
2017-03-17,null,null,105406000.0,9.58,3309910.0,null,
2017-03-18,null,null,88360200.0,8.03,1466830.0,null,
2017-03-19,null,null,75431800.0,6.86,1571220.0,null,
2017-03-20,null,null,92849700.0,8.44,1111630.0,null,
2017-03-21,null,null,91627700.0,8.33,856129.0,null,
2017-03-22,null,null,91413000.0,8.31,1167340.0,null,
2017-03-23,null,null,99821700.0,9.07,1176020.0,null,
2017-03-24,null,null,102613000.0,9.33,1799520.0,null,
2017-03-25,null,null,98418500.0,8.95,1586840.0,null,
2017-03-26,null,null,97127400.0,8.83,1110610.0,null,
2017-03-27,null,null,96499300.0,8.77,584475.0,null,
2017-03-28,null,null,99960100.0,9.09,503268.0,null,
2017-03-29,null,null,100474000.0,9.13,794146.0,null,
2017-03-30,null,null,101940000.0,9.27,1274060.0,null,
2017-03-31,null,null,109176000.0,9.93,5266820.0,null,
2017-04-01,null,null,127658000.0,11.61,2141410.0,null,
2017-04-02,null,null,138362000.0,12.58,2509100.0,null,
2017-04-03,null,null,127547000.0,11.6,1912630.0,null,
2017-04-04,null,null,120251000.0,10.93,1433810.0,null,
2017-04-05,null,null,121382000.0,11.03,976258.0,null,
2017-04-06,null,null,114524000.0,10.41,1446370.0,null,
2017-04-07,null,null,114426000.0,10.4,566367.0,null,
2017-04-08,null,null,104899000.0,9.54,503616.0,null,
2017-04-09,null,null,109342000.0,9.94,658434.0,null,
2017-04-10,null,null,110282000.0,10.03,492711.0,null,
2017-04-11,null,null,111400000.0,10.13,490393.0,null,
2017-04-12,null,null,110802000.0,10.07,602269.0,null,
2017-04-13,null,null,116507000.0,10.59,650307.0,null,
2017-04-14,null,null,116741000.0,10.61,1100920.0,null,
2017-04-15,null,null,118656000.0,10.79,935138.0,null,
2017-04-16,null,null,124313000.0,11.3,1621120.0,null,
2017-04-17,null,null,131309000.0,11.94,1669100.0,null,
2017-04-18,null,null,129073000.0,11.73,628901.0,null,
2017-04-19,null,null,137647000.0,12.51,914477.0,null,
2017-04-20,null,null,131360000.0,11.94,1059140.0,null,
2017-04-21,null,null,124750000.0,11.34,881968.0,null,
2017-04-22,null,null,121792000.0,11.07,1260710.0,null,
2017-04-23,null,null,133209000.0,12.11,1410770.0,null,
2017-04-24,null,null,128705000.0,11.7,7030540.0,null,
2017-04-25,null,null,151760000.0,13.8,3633120.0,null,
2017-04-26,null,null,147497000.0,13.41,2371140.0,null,
2017-04-27,null,null,139741000.0,12.7,2369970.0,null,
2017-04-28,null,null,152060000.0,13.82,3362230.0,null,
2017-04-29,null,null,158270000.0,14.39,3735860.0,null,
2017-04-30,null,null,186280000.0,16.93,4509700.0,null,
2017-05-01,null,null,186107000.0,16.92,8058160.0,null,
2017-05-02,null,null,175808000.0,15.98,3487100.0,null,
2017-05-03,null,null,181139000.0,16.47,4014970.0,null,
2017-05-04,null,null,183249000.0,16.66,4134100.0,null,
2017-05-05,null,null,191050000.0,17.37,4107070.0,null,
2017-05-06,null,null,189163000.0,17.2,2035500.0,null,
2017-05-07,null,null,194157000.0,17.65,3649990.0,null,
2017-05-08,null,null,188987000.0,17.18,3917640.0,null,
2017-05-09,null,null,191388000.0,17.4,3846460.0,null,
2017-05-10,null,null,184582000.0,16.78,2365580.0,null,
2017-05-11,null,null,186856000.0,16.99,3103420.0,null,
2017-05-12,null,null,193789000.0,17.62,1707730.0,null,
2017-05-13,null,null,183621000.0,16.69,1309960.0,null,
2017-05-14,null,null,178398000.0,16.22,874532.0,null,
2017-05-15,null,null,187300000.0,17.03,1240320.0,null,
2017-05-16,null,null,175932000.0,15.99,2321290.0,null,
2017-05-17,null,null,156524000.0,14.23,2239180.0,null,
2017-05-18,null,null,169798000.0,15.44,1781730.0,null,
2017-05-19,null,null,174919000.0,15.9,3078290.0,null,
2017-05-20,null,null,186479000.0,16.95,2617600.0,null,
2017-05-21,null,null,192653000.0,17.51,3278600.0,null,
2017-05-22,null,null,190919000.0,17.36,6351000.0,null,
2017-05-23,null,null,216603000.0,19.69,25666500.0,null,
2017-05-24,null,null,320480000.0,29.13,11059100.0,null,
2017-05-25,null,null,297516000.0,27.05,9025780.0,null,
2017-05-26,null,null,260132000.0,23.65,4050870.0,null,
2017-05-27,null,null,242443000.0,22.04,5196210.0,null,
2017-05-28,null,null,224583000.0,20.42,6728600.0,null,
2017-05-29,null,null,225164000.0,20.47,4715440.0,null,
2017-05-30,null,null,232364000.0,21.12,4205910.0,null,
2017-05-31,null,null,223030000.0,20.28,3648110.0,null,
2017-06-01,null,null,241717000.0,21.97,4479050.0,null,
2017-06-02,null,null,259666000.0,23.61,4688710.0,null,
2017-06-03,null,null,273579000.0,24.87,4635790.0,null,
2017-06-04,null,null,288020000.0,26.18,4559000.0,null,
2017-06-05,null,null,320343000.0,29.12,8252820.0,null,
2017-06-06,null,null,315289000.0,28.66,6283340.0,null,
2017-06-07,null,null,370421000.0,33.67,12084200.0,null,
2017-06-08,null,null,378138000.0,34.38,4309520.0,null,
2017-06-09,null,null,392987000.0,35.73,4278080.0,null,
2017-06-10,null,null,379448000.0,34.5,6795880.0,null,
2017-06-11,null,null,370315000.0,33.66,4817660.0,null,
2017-06-12,null,null,370938000.0,33.72,6312970.0,null,
2017-06-13,null,null,346312000.0,31.48,4655540.0,null,
2017-06-14,null,null,363877000.0,33.08,5341830.0,null,
2017-06-15,null,null,337137000.0,30.65,6592890.0,null,
2017-06-16,null,null,308894000.0,28.08,4101540.0,null,
2017-06-17,null,null,315895000.0,28.72,3351620.0,null,
2017-06-18,null,null,342291000.0,31.12,2721270.0,null,
2017-06-19,null,null,330264000.0,30.02,4385850.0,null,
2017-06-20,null,null,360548000.0,32.78,4936620.0,null,
2017-06-21,null,null,330868000.0,30.08,3706710.0,null,
2017-06-22,null,null,318911000.0,28.99,3704940.0,null,
2017-06-23,null,null,331380000.0,30.13,5321540.0,null,
2017-06-24,null,null,343764000.0,31.25,2494470.0,null,
2017-06-25,null,null,321495000.0,29.23,3650130.0,null,
2017-06-26,null,null,307660000.0,27.97,5080110.0,null,
2017-06-27,null,null,276808000.0,25.16,3498930.0,null,
2017-06-28,null,null,284531000.0,25.87,3195240.0,null,
2017-06-29,null,null,309010000.0,28.09,2523550.0,null,
2017-06-30,null,null,295294000.0,26.84,5802360.0,null,
2017-07-01,null,null,309725000.0,28.16,2685960.0,null,
2017-07-02,null,null,272125000.0,24.74,2190010.0,null,
2017-07-03,null,null,287711000.0,26.16,3095940.0,null,
2017-07-04,null,null,315386000.0,28.67,3108570.0,null,
2017-07-05,null,null,301908000.0,27.45,1528700.0,null,
2017-07-06,null,null,295916000.0,26.9,1421290.0,null,
2017-07-07,null,null,304920000.0,27.72,6058040.0,null,
2017-07-08,null,null,254068000.0,23.1,6582240.0,null,
2017-07-09,null,null,258527000.0,23.5,2982550.0,null,
2017-07-10,null,null,245229000.0,22.29,7106180.0,null,
2017-07-11,null,null,182345000.0,16.58,5423900.0,null,
2017-07-12,null,null,181196000.0,16.47,4061640.0,null,
2017-07-13,null,null,233161000.0,21.2,5380170.0,null,
2017-07-14,null,null,225099000.0,20.46,3419960.0,null,
2017-07-15,null,null,213341000.0,19.39,2624840.0,null,
2017-07-16,null,null,201522000.0,18.32,3443290.0,null,
2017-07-17,null,null,176145000.0,16.01,2317970.0,null,
2017-07-18,null,null,200165000.0,18.2,3111420.0,null,
2017-07-19,null,null,215053000.0,19.55,3189000.0,null,
2017-07-20,null,null,186131000.0,16.92,2697430.0,null,
2017-07-21,null,null,216191000.0,19.65,2134590.0,null,
2017-07-22,null,null,222620000.0,20.24,2444950.0,null,
2017-07-23,null,null,236183000.0,21.47,1767280.0,null,
2017-07-24,null,null,230741000.0,20.98,1032420.0,null,
2017-07-25,null,null,237685000.0,21.61,2262860.0,null,
2017-07-26,null,null,197709000.0,17.97,2066290.0,null,
2017-07-27,null,null,200399000.0,18.22,1546590.0,null,
2017-07-28,10909.2755422,11,200115000.0,18.19,2413390.0,14,
2017-07-29,77939.1733216,101,188854000.0,17.17,1149140.0,108,
2017-07-30,1071564.90408,255,192822000.0,17.53,593696.0,224,
2017-07-31,935694.428742,292,189913000.0,17.26,1464280.0,234,
2017-08-01,5685109.42247,256,183937000.0,16.72,1379370.0,211,
2017-08-02,2159657.09365,263,198942000.0,18.09,1332180.0,240,
2017-08-03,2056988.41856,581,194029000.0,17.64,2725760.0,425,
2017-08-04,582438.939625,349,190896000.0,17.35,999053.0,310,
2017-08-05,1132895.41023,508,191294000.0,17.39,2332570.0,485,
2017-08-06,947062.772301,457,210516000.0,19.14,1362730.0,422,
2017-08-07,1008380.19583,458,208042000.0,18.91,1916400.0,436,
2017-08-08,946329.991316,870,207435000.0,18.86,3633500.0,772,
2017-08-09,2590257.91439,843,233525000.0,21.23,4242530.0,710,
2017-08-10,2175754.7869,910,250027000.0,22.73,5357330.0,747,
2017-08-11,970769.271766,771,249217000.0,22.66,2245780.0,648,
2017-08-12,1934365.15229,899,246071000.0,22.37,3119760.0,699,
2017-08-13,1281629.77278,617,248881000.0,22.63,2295810.0,541,
2017-08-14,1287616.35461,678,227476000.0,20.68,1458730.0,611,
2017-08-15,2120471.80547,666,219150000.0,19.92,3052560.0,548,
2017-08-16,781430.587498,545,232139000.0,21.1,1640180.0,501,
2017-08-17,540602.96311,584,235501000.0,21.41,1754790.0,545,
2017-08-18,1861018.99855,585,221103000.0,20.1,2283780.0,494,
2017-08-19,836769.670126,492,210660000.0,19.15,1307160.0,477,
2017-08-20,484991.555068,461,215223000.0,19.57,1392230.0,439,
2017-08-21,1819698.74924,730,225054000.0,20.46,3491570.0,649,
2017-08-22,1116953.00035,650,242471000.0,22.04,2789520.0,594,
2017-08-23,1032676.47032,665,233664000.0,21.24,2429740.0,607,
2017-08-24,662431.939424,522,242922000.0,22.08,1880160.0,505,
2017-08-25,5659520.03883,971,253197000.0,23.02,6210960.0,818,
2017-08-26,6372156.5879,1132,279713000.0,25.43,11542300.0,811,
2017-08-27,4386971.09989,813,326927000.0,29.72,4937900.0,701,
2017-08-28,5181501.40071,1134,308740000.0,28.07,12509800.0,857,
2017-08-29,2218383.8492,789,290245000.0,26.39,4487220.0,688,
2017-08-30,1445656.18403,834,275646000.0,25.06,3091340.0,730,
2017-08-31,1303560.94723,858,276090000.0,25.1,3151520.0,771,
2017-09-01,2364616.63603,819,288601000.0,26.24,3488820.0,706,
2017-09-02,1687100.37964,837,313414000.0,28.49,3279910.0,724,
2017-09-03,380621.361033,501,267354000.0,24.3,2046420.0,487,
2017-09-04,2559116.72232,598,274311000.0,24.94,3414020.0,580,
2017-09-05,1172067.49829,511,240642000.0,21.88,1943400.0,481,
2017-09-06,1665853.96354,683,251871000.0,22.9,1940990.0,617,
2017-09-07,707109.676649,695,260146000.0,23.65,1411680.0,663,
2017-09-08,596217.72295,552,261635000.0,23.79,2058090.0,532,
2017-09-09,536545.975231,594,245276000.0,22.3,880273.0,598,
2017-09-10,535388.624667,447,244231000.0,22.2,1326850.0,437,
2017-09-11,640425.864888,418,237455000.0,21.59,807297.0,407,
2017-09-12,459040.016608,467,230430000.0,20.95,962593.0,452,
2017-09-13,854057.770396,518,232844000.0,21.17,3667200.0,496,
2017-09-14,1028405.33541,559,226176000.0,20.56,1800320.0,495,
2017-09-15,455624.666516,544,175047000.0,15.91,1844750.0,501,
2017-09-16,323942.050742,368,201588000.0,18.33,662667.0,382,
2017-09-17,1238409.30386,418,193768000.0,17.62,2144090.0,384,
2017-09-18,984878.659226,509,193688000.0,17.61,1030230.0,489,
2017-09-19,479217.068762,412,209508000.0,19.05,768861.0,407,
2017-09-20,264252.675177,220,203240000.0,18.48,554121.0,223,
2017-09-21,1151724.00645,404,202480000.0,18.41,1114830.0,365,
2017-09-22,177399.455177,278,188348000.0,17.12,340706.0,271,
2017-09-23,173169.255155,276,186760000.0,16.98,401046.0,283,
2017-09-24,351251.452662,289,198006000.0,18.0,545368.0,277,
2017-09-25,569380.006589,308,195868000.0,17.81,623948.0,314,
2017-09-26,239058.0346,352,206788000.0,18.8,397769.0,362,
2017-09-27,671766.120565,519,206643000.0,18.79,1632240.0,462,
2017-09-28,1331545.0315,518,230602000.0,20.96,2030560.0,466,
2017-09-29,617129.450579,275,244249000.0,22.2,1184250.0,292,
2017-09-30,485582.175502,389,227924000.0,20.72,706371.0,359,
2017-10-01,449049.015261,328,233421000.0,21.22,496431.0,333,
2017-10-02,477963.977915,393,227255000.0,20.66,789547.0,385,
2017-10-03,256424.399893,354,213088000.0,19.37,786055.0,356,
2017-10-04,308778.047025,208,214161000.0,19.47,571388.0,209,
2017-10-05,300415.172736,374,209079000.0,19.01,657037.0,333,
2017-10-06,388940.379098,473,209122000.0,19.01,722235.0,427,
2017-10-07,751895.325033,429,216245000.0,19.66,1104820.0,405,
2017-10-08,440177.943727,369,221123000.0,20.1,723733.0,362,
2017-10-09,573869.190665,285,210206000.0,19.11,924576.0,286,
2017-10-10,270350.821276,408,195823000.0,17.8,692292.0,400,
2017-10-11,409782.228982,365,206975000.0,18.82,493703.0,366,
2017-10-12,827342.450668,389,204799000.0,18.62,1701010.0,426,
2017-10-13,979856.978318,604,200748000.0,18.25,1179910.0,564,
2017-10-14,627391.140762,461,202279000.0,18.39,653761.0,426,
2017-10-15,162820.939871,380,209729000.0,19.07,480545.0,388,
2017-10-16,283493.916938,414,205872000.0,18.72,930751.0,412,
2017-10-17,377425.710019,439,209918000.0,19.08,576251.0,432,
2017-10-18,580005.464525,376,205969000.0,18.72,779130.0,357,
2017-10-19,215868.817639,318,202015000.0,18.36,578350.0,314,
2017-10-20,464606.637758,385,199335000.0,18.12,950119.0,349,
2017-10-21,274358.882816,351,191982000.0,17.45,667841.0,333,
2017-10-22,131582.230618,293,185419000.0,16.86,526437.0,307,
2017-10-23,442326.345812,415,185242000.0,16.84,893583.0,396,
2017-10-24,725272.877793,538,177268000.0,16.12,1311980.0,478,
2017-10-25,437343.666893,425,195181000.0,17.74,730846.0,374,
2017-10-26,484583.284114,332,197694000.0,17.97,540067.0,338,
2017-10-27,188052.668122,367,197200000.0,17.93,482746.0,379,
2017-10-28,796773.484238,300,193241000.0,17.57,391903.0,311,
2017-10-29,331233.180046,359,189897000.0,17.26,634587.0,344,
2017-10-30,754193.024535,404,194793000.0,17.71,739091.0,396,
2017-10-31,444011.951021,420,188467000.0,17.13,949978.0,409,
2017-11-01,1240504.00242,578,192526000.0,17.5,3938990.0,505,
2017-11-02,547524.794209,385,185770000.0,16.89,1498460.0,352,
2017-11-03,559649.481278,596,178443000.0,16.22,1476930.0,514,
2017-11-04,480360.113514,348,195663000.0,17.79,748167.0,322,
2017-11-05,433806.343193,430,191376000.0,17.4,2101850.0,399,
2017-11-06,255126.024534,376,183862000.0,16.71,907617.0,363,
2017-11-07,547332.836492,571,185779000.0,16.89,1457810.0,444,
2017-11-08,1257866.73547,508,187683000.0,17.06,2138860.0,455,
2017-11-09,5392451.10821,608,202416000.0,18.4,1837380.0,579,
2017-11-10,499058.297755,582,209835000.0,19.08,1754170.0,548,
2017-11-11,495402.964679,353,193728000.0,17.61,1330620.0,382,
2017-11-12,1128092.30489,512,200461000.0,18.22,1919200.0,482,
2017-11-13,557080.525494,342,191345000.0,17.39,870775.0,337,
2017-11-14,536639.79199,296,201179000.0,18.29,1003900.0,285,
2017-11-15,706827.321751,389,208279000.0,18.93,1250130.0,382,
2017-11-16,673664.697875,467,213095000.0,19.37,1432180.0,457,
2017-11-17,741204.816532,429,217734000.0,19.79,1267730.0,417,
2017-11-18,217518.250981,321,211375000.0,19.22,815249.0,320,
2017-11-19,447413.481003,427,217027000.0,19.73,1138730.0,399,
2017-11-20,421594.291097,430,222498000.0,20.23,1176890.0,433,
2017-11-21,383526.178437,1340,230382000.0,20.94,1387670.0,763,
2017-11-22,3298771.37236,1281,232584000.0,21.14,7935880.0,1071,
2017-11-23,5006225.20857,1905,276160000.0,25.11,20368900.0,1460,
2017-11-24,1368924.31317,787,283259000.0,25.75,5688400.0,677,
2017-11-25,4688575.25835,907,313932000.0,28.54,3557430.0,797,
2017-11-26,1102759.08487,794,311664000.0,28.33,2298210.0,795,
2017-11-27,5471482.9103,915,300121000.0,27.28,3464660.0,821,
2017-11-28,1914213.12702,816,317692000.0,28.88,2991360.0,717,
2017-11-29,2401691.37254,1039,313279000.0,28.48,5518380.0,920,
2017-11-30,857095.452562,788,270708000.0,24.61,2354800.0,714,
2017-12-01,2774170.87055,570,286346000.0,26.03,2904280.0,560,
2017-12-02,4668796.36705,1206,293173000.0,26.65,8999810.0,753,
2017-12-03,6186695.49477,1785,322825000.0,29.35,28187500.0,1385,
2017-12-04,6540531.48181,1098,393257000.0,35.75,11056200.0,1004,
2017-12-05,1838647.2518,772,406714000.0,36.97,6389870.0,812,
2017-12-06,1828304.19957,590,389032000.0,35.37,7273160.0,561,
2017-12-07,2103296.56067,440,342480000.0,31.13,6730870.0,391,
2017-12-08,1999893.45035,642,305387000.0,27.76,6533500.0,612,
2017-12-09,1441683.00083,447,330588000.0,30.05,4137840.0,465,
2017-12-10,2071841.03591,428,318144000.0,28.92,6284200.0,420,
2017-12-11,1131730.09791,601,303759000.0,27.61,4222320.0,631,
2017-12-12,2135705.17803,882,337897000.0,30.72,7942200.0,752,
2017-12-13,4676883.41804,797,376763000.0,34.25,8921600.0,829,
2017-12-14,2074530.09524,1018,384946000.0,35.0,7700940.0,1061,
2017-12-15,1900061.64186,993,405448000.0,36.86,6285640.0,987,
2017-12-16,3741596.6877,1162,398257000.0,36.21,16212900.0,1135,
2017-12-17,2956953.50594,1092,461452000.0,41.95,8806310.0,1099,
2017-12-18,4047061.31257,1265,472507000.0,42.96,15746500.0,1182,
2017-12-19,31396507.7508,3911,616225000.0,56.02,186429000.0,3223,
2017-12-20,18342016.5797,1480,1182260000.0,107.48,53708400.0,1384,
2017-12-21,9538649.84272,1303,1023330000.0,93.03,36890200.0,1260,
2017-12-22,12835073.213,920,977851000.0,88.9,30124100.0,741,
2017-12-23,6503271.95773,781,696464000.0,63.31,31415000.0,673,
2017-12-24,5788632.25007,451,816549000.0,74.23,11342000.0,410,
2017-12-25,3922705.72981,396,771626000.0,70.15,10936900.0,342,
2017-12-26,15995102.7424,1111,841274000.0,76.48,47416600.0,952,
2017-12-27,6556517.37775,1028,941539000.0,85.59,14184900.0,1102,
2017-12-28,4998606.50379,1030,882535000.0,80.23,11699200.0,1054,
2017-12-29,3522410.48882,1003,817845000.0,74.35,12299500.0,1105,
2017-12-30,3679428.55856,895,838231000.0,76.2,11058300.0,907,
2017-12-31,3327409.53673,604,712114000.0,64.74,5779320.0,682,
2018-01-01,3727819.54461,1414,773852000.0,70.35,11556700.0,975,
2018-01-02,6906966.65742,1140,819448000.0,74.5,20448000.0,1194,
2018-01-03,3199970.07327,864,879939000.0,79.99,14320100.0,1003,
2018-01-04,1070913.34869,362,854903000.0,77.72,14502500.0,338,
2018-01-05,3944706.23431,493,811038000.0,73.73,28863300.0,532,
2018-01-06,2577725.42322,423,790784000.0,71.89,13080900.0,453,
2018-01-07,4465620.03134,734,863331000.0,78.48,10406400.0,739,
2018-01-08,13226779.2347,1474,882260000.0,80.21,45292400.0,1281,
2018-01-09,23963506.4707,1655,1083140000.0,98.47,39081800.0,1639,
2018-01-10,12375768.1159,1367,1015450000.0,92.31,56818400.0,1245,
2018-01-11,16755832.7504,892,1120860000.0,101.9,74019300.0,793,
2018-01-12,9182585.57936,1386,1137180000.0,103.38,14822500.0,1149,
2018-01-13,5491822.27281,1063,1159230000.0,105.38,15664000.0,942,
2018-01-14,14445477.2813,767,1169960000.0,106.36,13455800.0,694,
2018-01-15,5956079.46674,805,1039150000.0,94.47,23443000.0,745,
2018-01-16,9392709.89369,855,1000970000.0,91.0,28664800.0,762,
2018-01-17,5556268.29078,758,729886000.0,66.35,26860300.0,685,
2018-01-18,7578897.21948,868,714077000.0,64.92,25775100.0,648,
2018-01-19,5740270.55838,746,705223000.0,64.11,36063000.0,580,
2018-01-20,7981518.26475,1198,855913000.0,77.81,52915200.0,1063,
2018-01-21,10290933.6031,803,1061410000.0,96.49,46791400.0,699,
2018-01-22,3877456.5447,529,970589000.0,88.24,16467100.0,478,
2018-01-23,3199642.14767,552,933695000.0,84.88,25923200.0,486,
2018-01-24,7028657.45633,790,966488000.0,87.86,20910000.0,648,
2018-01-25,6852482.0153,584,999131000.0,90.83,12081300.0,512,
2018-01-26,35052932.8632,527,965177000.0,87.74,13756300.0,447,
2018-01-27,8760100.23232,511,926620000.0,84.24,10225900.0,422,
2018-01-28,3416382.21775,509,924453000.0,84.04,7570840.0,490,
2018-01-29,2609520.23911,372,935789000.0,85.07,12013200.0,382,
2018-01-30,9756665.37589,514,876159000.0,79.65,10547800.0,449,
2018-01-31,3783978.72465,538,748325000.0,68.03,8319600.0,451,
2018-02-01,6559360.55556,850,752171000.0,68.38,10500800.0,692,
2018-02-02,5014526.86991,1696,714091000.0,64.92,14427000.0,921,
2018-02-03,3453537.60777,464,645385000.0,58.67,5481660.0,438,
2018-02-04,17975857.2272,472,668619000.0,60.78,6639070.0,429,
2018-02-05,75518637.6023,579,554347000.0,50.4,9728740.0,501,
2018-02-06,48717385.278,545,474178000.0,43.11,10009800.0,471,
2018-02-07,2433026.38412,449,518327000.0,47.12,6312240.0,400,
2018-02-08,1913463.6987,352,519981000.0,47.27,4719340.0,318,
2018-02-09,15575031.0556,372,574616000.0,52.24,6800400.0,349,
2018-02-10,970967.454346,316,629942000.0,57.27,5349320.0,301,
2018-02-11,1441073.78276,420,605459000.0,55.04,4904270.0,394,
2018-02-12,3369117.19719,555,542712000.0,49.34,11200400.0,467,
2018-02-13,2061981.19837,296,596613000.0,54.24,5386840.0,272,
2018-02-14,2383506.3302,430,546140000.0,49.65,9305520.0,399,
2018-02-15,10591527.5754,780,579847000.0,52.71,7991920.0,298,
2018-02-16,2675340.77272,1098,599626000.0,54.51,5974500.0,313,
2018-02-17,2548292.53551,1288,596914000.0,54.26,6842890.0,301,
2018-02-18,4265703.14074,1520,609999000.0,55.45,17414900.0,275,
2018-02-19,2663165.93228,1555,594996000.0,54.09,4332280.0,277,
2018-02-20,3856220.78916,1438,596412000.0,54.22,6769600.0,358,
2018-02-21,1282377.83683,319,557602000.0,50.69,4529810.0,272,
2018-02-22,20682834.3378,204,516233000.0,46.93,3191340.0,165,
2018-02-23,2434834.10669,236,477985000.0,43.45,2809910.0,202,
2018-02-24,1175449.7651,283,488268000.0,44.39,3139080.0,245,
2018-02-25,682672.390646,186,476116000.0,43.28,1882900.0,181,
2018-02-26,1171891.71239,280,486327000.0,44.21,5227830.0,226,
2018-02-27,2580906.96228,347,511861000.0,46.53,5643820.0,294,
2018-02-28,1377210.03356,237,533572000.0,48.51,4129890.0,220,
2018-03-01,1646354.67694,553,504464000.0,45.86,3919940.0,689,
2018-03-02,860402.318481,231,516819000.0,46.98,3022380.0,268,
2018-03-03,957317.142114,231,496594000.0,45.14,3225040.0,222,
2018-03-04,1523533.56203,221,519703000.0,47.25,2616020.0,206,
