date,txVolume(USD),txCount,marketcap(USD),price(USD),exchangeVolume(USD),generatedCoins,fees
2014-10-28,3962.608187,1179,37687.0,1e-05,2185.0,75100000.0,121.731987007,
2014-10-29,1294.73384144,1154,15542.0,4e-06,1221.0,76100000.0,123.411068997,
2014-10-30,1554.02360383,999,26243.0,7e-06,1116.0,93100000.0,119.974335999,
2014-10-31,2102.87923396,1548,25912.0,7e-06,1444.0,90200000.0,158.193491005,
2014-11-01,2418.38113205,1504,25137.0,7e-06,269.0,88700000.0,163.797505993,
2014-11-02,1036.81889307,1673,15363.0,4e-06,295.0,89100000.0,174.597362008,
2014-11-03,1214.84916776,1649,18086.0,5e-06,286.0,63200000.0,172.754061995,
2014-11-04,1401.11671009,1777,14550.0,4e-06,551.0,43950000.0,186.149323015,
2014-11-05,615.121476893,2478,17533.0,5e-06,1592.0,50350000.0,256.355301001,
2014-11-06,543.184027069,1998,14112.0,4e-06,203.0,45250000.0,211.922852,
2014-11-07,463.883544576,1761,13586.0,4e-06,101.0,42750000.0,184.632086997,
2014-11-08,1966.63234664,1461,14844.0,4e-06,1707.0,44800000.0,165.727712146,
2014-11-09,1398.73352183,1907,15560.0,4e-06,538.0,51350000.0,207.771456998,
2014-11-10,834.864738077,3016,21373.0,6e-06,147.0,61050000.0,309.031122,
2014-11-11,697.377203724,2150,14845.0,4e-06,134.0,48550000.0,233.621590007,
2014-11-12,842.389922812,1987,14467.0,4e-06,102.0,46150000.0,213.344176027,
2014-11-13,837.782450278,2470,16056.0,4e-06,214.0,57450000.0,271.338584005,
2014-11-14,660.444099507,2503,15645.0,4e-06,101.0,58400000.0,257.564312,
2014-11-15,678.57729912,2637,14638.0,4e-06,171.0,53650000.0,276.239175001,
2014-11-16,462.610910772,2115,14941.0,4e-06,160.0,45950000.0,221.510948,
2014-11-17,838.257819657,2080,19468.0,5e-06,235.0,37275000.0,216.405204001,
2014-11-18,292.849840225,2263,14399.0,4e-06,174.0,28450000.0,230.850645,
2014-11-19,719.882078842,1711,13905.0,4e-06,492.0,24800000.0,190.623220018,
2014-11-20,465.653245029,1561,14183.0,4e-06,366.0,22600000.0,229.671080995,
2014-11-21,282.065949684,1580,13303.0,4e-06,87.0,21525000.0,188.315543,
2014-11-22,189.331252111,1456,13210.0,4e-06,37.0,22925000.0,157.564748,
2014-11-23,301.055387184,2291,13396.0,4e-06,66.0,31475000.0,232.824871999,
2014-11-24,371.006574782,2655,13125.0,4e-06,143.0,35725000.0,268.802708996,
2014-11-25,255.032881786,2714,13889.0,4e-06,22.0,37250000.0,292.448115999,
2014-11-26,263.378817114,3091,10796.0,3e-06,16.0,34850000.0,314.137345998,
2014-11-27,253.459255153,1853,10050.0,3e-06,134.0,26900000.0,187.926649001,
2014-11-28,268.063226354,2882,13703.0,4e-06,9.0,38100000.0,292.632057,
2014-11-29,227.802371086,1326,13954.0,4e-06,75.0,24250000.0,140.453815995,
2014-11-30,317.375034671,1413,13562.0,4e-06,59.0,25725000.0,145.281371998,
2014-12-01,191.348227275,1006,14043.0,4e-06,119.0,21425000.0,104.257503,
2014-12-02,478.432429398,1207,20423.0,6e-06,131.0,22950000.0,132.107187995,
2014-12-03,111.227844545,868,16538.0,4e-06,46.0,18050000.0,89.973412,
2014-12-04,730.51818998,1125,17764.0,5e-06,377.0,21975000.0,120.902036002,
2014-12-05,631.451234216,868,17331.0,5e-06,22.0,16725000.0,98.2504049984,
2014-12-06,1413.00595981,902,16933.0,5e-06,48.0,19100000.0,3610.53295003,
2014-12-07,201.56611696,597,13909.0,4e-06,98.0,14125000.0,66.1713390047,
2014-12-08,399.130773545,641,21186.0,6e-06,54.0,17000000.0,69.0128010051,
2014-12-09,504.390488163,723,13649.0,4e-06,39.0,17350000.0,75.5572239914,
2014-12-10,709.192077372,536,19998.0,5e-06,86.0,15100000.0,55.4466459932,
2014-12-11,233.298255018,746,22219.0,6e-06,63.0,16900000.0,82.5000070018,
2014-12-12,366.021400188,765,13203.0,4e-06,208.0,19450000.0,79.1465450004,
2014-12-13,976.839163182,806,13093.0,4e-06,119.0,18950000.0,81.5831009996,
2014-12-14,603.640324867,1165,13585.0,4e-06,408.0,24925000.0,172.762815,
2014-12-15,474.232054042,1108,13288.0,4e-06,114.0,24500000.0,112.543345003,
2014-12-16,580.295686688,1155,21813.0,6e-06,268.0,27575000.0,149.115976991,
2014-12-17,308.533871461,1308,11243.0,3e-06,80.0,32575000.0,198.675029003,
2014-12-18,157.06751321,1091,15878.0,3e-06,12.0,33150000.0,119.880785998,
2014-12-19,377.971737538,1134,17720.0,3e-06,197.0,30800000.0,177.965486999,
2014-12-20,299.95146589,813,18017.0,3e-06,62.0,29475000.0,97.1769549981,
2014-12-21,153.824381273,780,18425.0,3e-06,7.0,28025000.0,94.4589529885,
2014-12-22,214.421882862,650,18695.0,3e-06,45.0,24425000.0,74.9560739969,
2014-12-23,169.612200426,449,19006.0,3e-06,35.0,18425000.0,501.1859,
2014-12-24,153.490144165,575,19189.0,3e-06,19.0,23475000.0,602.550458998,
2014-12-25,184.936229689,949,18536.0,3e-06,51.0,34200000.0,108.149238997,
2014-12-26,150.979744642,525,37267.0,6e-06,51.0,18825000.0,342.466093999,
2014-12-27,234.095784087,942,22585.0,4e-06,116.0,27675000.0,122.150936,
2014-12-28,118.508377558,867,18687.0,3e-06,19.0,30125000.0,98.8938949992,
2014-12-29,402.463896545,811,32530.0,5e-06,96.0,33650000.0,151.511904004,
2014-12-30,81990.4546416,2707,18725.0,3e-06,43.0,33200000.0,12980.612942,
2014-12-31,293.58504562,732,18670.0,3e-06,196.0,33850000.0,125.995758999,
2015-01-01,164.566711664,791,19336.0,3e-06,4.0,32475000.0,95.8963389873,
2015-01-02,672.393654635,661,22051.0,4e-06,23.0,35275000.0,102.844203993,
2015-01-03,860.113181732,547,20018.0,3e-06,40.0,22925000.0,122.446338987,
2015-01-04,312.333377235,1195,17322.0,3e-06,6.0,31450000.0,173.666079004,
2015-01-05,124.028729943,840,16903.0,3e-06,5.0,25800000.0,117.493832005,
2015-01-06,181.120069598,150,14739.0,2e-06,324.0,21675000.0,80.0709629978,
2015-01-07,976.519542057,779,17776.0,3e-06,8.0,23200000.0,123.161598989,
2015-01-08,854.833446926,756,20564.0,3e-06,230.0,21325000.0,109.245036997,
2015-01-09,898.781461128,497,33330.0,5e-06,507.0,22425000.0,91.2832280028,
2015-01-10,2503.94100994,599,35376.0,6e-06,114.0,23525000.0,170.154603973,
2015-01-11,2849.7981669,595,34398.0,5e-06,496.0,19725000.0,276.865250995,
2015-01-12,5056.64006821,618,51058.0,8e-06,1134.0,18075000.0,197.259695981,
2015-01-13,6869.78729439,412,60113.0,9e-06,487.0,15750000.0,137.972934022,
2015-01-14,793.781588359,394,54459.0,9e-06,151.0,16775000.0,109.426959999,
2015-01-15,538.764718352,293,36759.0,6e-06,35.0,14325000.0,59.4449920013,
2015-01-16,302.550563387,263,41419.0,6e-06,69.0,15150000.0,76.056738998,
2015-01-17,285.102669899,325,33038.0,5e-06,47.0,17150000.0,58.0345169991,
2015-01-18,275.651615837,393,39487.0,6e-06,19.0,20025000.0,70.9269509997,
2015-01-19,1170.13321411,615,43497.0,7e-06,12.0,19950000.0,82.5234249942,
2015-01-20,490.598974736,589,36014.0,6e-06,120.0,22675000.0,79.289455999,
2015-01-21,240.935950317,811,26935.0,4e-06,75.0,25025000.0,104.53887,
2015-01-22,246.818884573,780,30624.0,5e-06,8.0,26950000.0,90.3110719976,
2015-01-23,221.262554911,615,28402.0,4e-06,17.0,27700000.0,97.2407869975,
2015-01-24,2358.7891477,752,28820.0,4e-06,27.0,33225000.0,209.527662007,
2015-01-25,624.18707622,659,28198.0,4e-06,61.0,30750000.0,110.221214,
2015-01-26,329.428740079,575,33149.0,5e-06,47.0,21700000.0,80.1976670019,
2015-01-27,916.139152314,490,40866.0,6e-06,49.0,18925000.0,109.605160998,
2015-01-28,220.62629445,494,36460.0,6e-06,41.0,20300000.0,62.1169449994,
2015-01-29,211.592075512,592,30775.0,5e-06,17.0,23900000.0,82.0284799999,
2015-01-30,234.333358811,489,29758.0,5e-06,3.0,20775000.0,61.3294649989,
2015-01-31,204.555964485,629,28240.0,4e-06,13.0,25775000.0,79.5219739956,
2015-02-01,91.67961145,531,29343.0,4e-06,8.0,22950000.0,65.6256800001,
2015-02-02,846.574051566,553,24994.0,4e-06,35.0,22900000.0,133.388714983,
2015-02-03,168.057188166,471,18208.0,3e-06,57.0,19575000.0,70.8701289994,
2015-02-04,105.447166968,376,25188.0,4e-06,188.0,18600000.0,47.5601730005,
2015-02-05,78.2401660844,866,15181.0,2e-06,45.0,23025000.0,137.431419,
2015-02-06,121.905244355,439,18567.0,3e-06,77.0,19475000.0,60.5290420001,
2015-02-07,265.183653208,457,17315.0,3e-06,232.0,18875000.0,56.112566002,
2015-02-08,136.19231446,448,14915.0,2e-06,164.0,18100000.0,46.807637993,
2015-02-09,219.069259733,631,28670.0,4e-06,233.0,25900000.0,86.6132150005,
2015-02-10,1456.5908029,662,24715.0,4e-06,460.0,27050000.0,185.609546996,
2015-02-11,701.793995098,425,28685.0,4e-06,88.0,18875000.0,137.707848999,
2015-02-12,512.107600796,399,28499.0,4e-06,113.0,21125000.0,44.8711870075,
2015-02-13,1538.0312432,183,32004.0,5e-06,97.0,16225000.0,23.4772269962,
2015-02-14,463.103819164,225,30819.0,5e-06,264.0,16575000.0,60.9630270037,
2015-02-15,1346.24695909,451,33691.0,5e-06,202.0,16600000.0,68.1957820058,
2015-02-16,306.943472549,952,30766.0,5e-06,121.0,25650000.0,113.648673002,
2015-02-17,219.500515364,489,30222.0,5e-06,51.0,19675000.0,56.523063003,
2015-02-18,226.088171637,523,31889.0,5e-06,78.0,16625000.0,59.2024730039,
2015-02-19,19698.2205288,1021,30944.0,5e-06,94939.0,20375000.0,566.435641848,
2015-02-20,32149.1897681,1315,219448.0,3.4e-05,47352.0,20700000.0,321.391683972,
2015-02-21,16789.4880354,1057,176116.0,2.7e-05,8971.0,16300000.0,164.014827033,
2015-02-22,9179.79292047,1589,153924.0,2.1e-05,12178.0,21825000.0,202.670864984,
2015-02-23,24778.755142,1234,121848.0,1.7e-05,4476.0,21350000.0,189.343495178,
2015-02-24,31688.3153894,761,120703.0,1.7e-05,10937.0,15400000.0,126.959138879,
2015-02-25,5149.96557832,851,154444.0,2.1e-05,3734.0,13925000.0,108.156466994,
2015-02-26,1332.35187847,861,135231.0,1.9e-05,1127.0,14850000.0,108.224096001,
2015-02-27,841.280203428,730,126347.0,1.7e-05,2377.0,13825000.0,105.266617,
2015-02-28,768.072241812,977,129498.0,1.8e-05,1914.0,15250000.0,109.600282001,
2015-03-01,4176.58155802,1491,148273.0,2e-05,3149.0,25075000.0,164.701624994,
2015-03-02,1302.37592751,1081,116615.0,1.6e-05,1614.0,21125000.0,136.210245998,
2015-03-03,1365.75677957,987,130273.0,1.8e-05,4413.0,18175000.0,109.070226,
2015-03-04,1192.77460702,860,103518.0,1.4e-05,7940.0,10625000.0,113.284947001,
2015-03-05,3667.725138,899,101548.0,1.4e-05,866.0,14250000.0,128.205888004,
2015-03-06,1576.9830869,848,81818.0,1.1e-05,1254.0,12325000.0,151.540301002,
2015-03-07,2409.26478227,838,111944.0,1.5e-05,595.0,16500000.0,156.274438,
2015-03-08,1032.85313561,836,102358.0,1.4e-05,1520.0,16575000.0,167.169796997,
2015-03-09,1538.17946203,818,97923.0,1.3e-05,2855.0,15525000.0,155.463781997,
2015-03-10,567.118390683,627,107754.0,1.4e-05,945.0,12625000.0,86.0339069995,
2015-03-11,922.963053033,671,106143.0,1.4e-05,355.0,12950000.0,76.4781079979,
2015-03-12,3076.56986256,548,107189.0,1.4e-05,1545.0,11100000.0,83.6948060032,
2015-03-13,3904.93016318,625,108743.0,1.5e-05,657.0,10550000.0,65.5456960235,
2015-03-14,457.787207983,724,107841.0,1.4e-05,375.0,14500000.0,84.3347930005,
2015-03-15,852.666393052,715,86652.0,1.2e-05,551.0,13350000.0,77.8516979974,
2015-03-16,808.48501264,634,119581.0,1.6e-05,477.0,14775000.0,70.1125469995,
2015-03-17,896.041624798,687,95147.0,1.3e-05,1221.0,13600000.0,75.6136399998,
2015-03-18,2183.39352697,957,107389.0,1.4e-05,2048.0,18275000.0,102.392213002,
2015-03-19,336.852360687,728,95574.0,1.3e-05,590.0,16225000.0,79.0097050005,
2015-03-20,664.569749349,937,82478.0,1.1e-05,297.0,15225000.0,101.116251999,
2015-03-21,2572.89810136,775,80056.0,1.1e-05,413.0,13150000.0,80.1623489939,
2015-03-22,6825.67067325,747,79679.0,1e-05,1980.0,12000000.0,77.9308379772,
2015-03-23,1094.5598012,714,81112.0,1.1e-05,820.0,11275000.0,75.5202820013,
2015-03-24,2508.88347768,1236,81332.0,1.1e-05,1584.0,16500000.0,139.306549933,
2015-03-25,9943.14447363,1053,59549.0,8e-06,1421.0,14150000.0,110.674822048,
2015-03-26,15257.3572865,666,93333.0,1.2e-05,3128.0,8800000.0,71.1989949654,
2015-03-27,966.700116417,791,95249.0,1.2e-05,395.0,13400000.0,89.3971599981,
2015-03-28,1849.87893644,955,92606.0,1.2e-05,1027.0,14000000.0,107.555173,
2015-03-29,1911.19117574,926,107262.0,1.4e-05,931.0,12500000.0,96.0610700081,
2015-03-30,574.763441312,771,93622.0,1.2e-05,764.0,14175000.0,80.8725930014,
2015-03-31,922.914483279,1087,95532.0,1.2e-05,1371.0,17850000.0,184.010527996,
2015-04-01,439.000669978,800,94782.0,1.2e-05,447.0,10550000.0,86.6279320006,
2015-04-02,165.271504806,597,95828.0,1.2e-05,324.0,10175000.0,62.5490369999,
2015-04-03,1222.26681795,456,98191.0,1.3e-05,689.0,7000000.0,50.242876994,
2015-04-04,1385.45599679,6384,98803.0,1.3e-05,268.0,10400000.0,676.461647004,
2015-04-05,2125.87808894,5800,99405.0,1.3e-05,1599.0,6050000.0,676.381545999,
2015-04-06,245.814173679,426,100294.0,1.3e-05,259.0,7950000.0,46.936401,
2015-04-07,1122.62218646,394,98358.0,1.3e-05,2473.0,9275000.0,338.858588995,
2015-04-08,258.068126225,452,95720.0,1.2e-05,301.0,10075000.0,49.3118880006,
2015-04-09,4056.24970949,495,95533.0,1.2e-05,551.0,8325000.0,51.9847750083,
2015-04-10,1571.58233853,994,93426.0,1.2e-05,1231.0,15175000.0,103.818021983,
2015-04-11,569.62791959,955,109635.0,1.4e-05,713.0,11400000.0,104.946929997,
2015-04-12,617.604954029,962,92814.0,1.2e-05,837.0,11175000.0,99.0657329978,
2015-04-13,398.044486519,772,92771.0,1.2e-05,169.0,11700000.0,83.0836749987,
2015-04-14,1151.99882135,660,87903.0,1.1e-05,452.0,13650000.0,70.3631709993,
2015-04-15,674.648651693,437,83474.0,1.1e-05,98.0,9850000.0,6446.17363101,
2015-04-16,737.852810645,414,83385.0,1.1e-05,339.0,9500000.0,18843.525656,
2015-04-17,189.697705549,525,91293.0,1.2e-05,1066.0,12500000.0,57.8125599999,
2015-04-18,383.052631583,533,102977.0,1.3e-05,1304.0,16275000.0,59.0648320002,
2015-04-19,2571.06407837,551,88587.0,1.1e-05,357.0,15925000.0,60.1828590088,
2015-04-20,303.493991377,350,88461.0,1.1e-05,2049.0,12025000.0,39.607069,
2015-04-21,6586.55843861,1030,110572.0,1.4e-05,2463.0,17750000.0,113.739384025,
2015-04-22,7439.52880961,703,131091.0,1.6e-05,7655.0,19500000.0,79.4866459885,
2015-04-23,13149.3067692,554,138852.0,1.7e-05,1270.0,17900000.0,64.2209370077,
2015-04-24,605.3251693,583,118569.0,1.5e-05,614.0,19275000.0,64.4195470005,
2015-04-25,390.144601348,598,111518.0,1.4e-05,627.0,20025000.0,66.5499030003,
2015-04-26,2691.25736281,728,142928.0,1.8e-05,585.0,21725000.0,102.813192001,
2015-04-27,637.661639837,770,106328.0,1.3e-05,3740.0,19925000.0,87.4731190032,
2015-04-28,470.567644896,673,113072.0,1.4e-05,661.0,20350000.0,77.6101959999,
2015-04-29,1309.47412616,537,109965.0,1.4e-05,370.0,16150000.0,64.6216619946,
2015-04-30,2208.2705449,493,110185.0,1.4e-05,536.0,19875000.0,57.7183999993,
2015-05-01,467.173061954,412,115286.0,1.4e-05,803.0,17375000.0,48.2243749991,
2015-05-02,838.359228472,307,113667.0,1.4e-05,463.0,12425000.0,37.0061020021,
2015-05-03,1345.24960776,389,122618.0,1.5e-05,376.0,11125000.0,41.4925270019,
2015-05-04,1749.67941849,347,116768.0,1.4e-05,298.0,7075000.0,46.192853001,
2015-05-05,1217.65791078,405,117278.0,1.4e-05,215.0,6925000.0,41.8483839952,
2015-05-06,1023.85690004,367,100246.0,1.2e-05,534.0,11475000.0,45.864910996,
2015-05-07,505.296757139,406,105179.0,1.3e-05,612.0,15575000.0,47.564357,
2015-05-08,182.040194233,396,97714.0,1.2e-05,270.0,12425000.0,42.5004690001,
2015-05-09,971.221227784,2269,100551.0,1.2e-05,248.0,13725000.0,236.606768993,
2015-05-10,168.159705722,415,99886.0,1.2e-05,1019.0,8425000.0,44.8327350004,
2015-05-11,177.290649073,315,99354.0,1.2e-05,1978.0,6475000.0,38.6168759992,
2015-05-12,442.858365362,259,100451.0,1.2e-05,1244.0,6650000.0,39.2605510005,
2015-05-13,1296.00359783,230,99935.0,1.2e-05,1276.0,4325000.0,27.7973690023,
2015-05-14,94.4518069853,268,97726.0,1.2e-05,1101.0,5300000.0,27.932586,
2015-05-15,735.87865321,216,114650.0,1.4e-05,110.0,5850000.0,22.6543129988,
2015-05-16,331.085106083,217,98575.0,1.2e-05,392.0,6375000.0,22.7779040014,
2015-05-17,140.621280523,259,98046.0,1.2e-05,172.0,8100000.0,45.2451889999,
2015-05-18,183.789821148,287,97936.0,1.2e-05,1840.0,11950000.0,36.895112,
2015-05-19,334.160262405,285,114669.0,1.4e-05,2711.0,8825000.0,30.8633679992,
2015-05-20,90.4717273349,249,77377.0,9e-06,245.0,7075000.0,26.389745,
2015-05-21,114.129666346,295,79184.0,9e-06,205.0,8025000.0,30.9997269998,
2015-05-22,149.482169781,344,98207.0,1.2e-05,1351.0,7200000.0,36.349012,
2015-05-23,32.5226000188,75,100134.0,1.2e-05,108.0,1525000.0,7.76797100006,
2015-05-24,3683.12118073,140,88374.0,1.1e-05,1624.0,2800000.0,16.0077459858,
2015-05-25,477.091117511,95,80583.0,1e-05,1303.0,2575000.0,11.1044520019,
2015-05-26,644.547538873,114,99006.0,1.2e-05,684.0,3325000.0,34.0251250013,
2015-05-27,84.0434025656,104,97910.0,1.2e-05,917.0,4625000.0,11.2355859997,
2015-05-28,112.125938723,118,99288.0,1.2e-05,2901.0,3800000.0,26.3254359999,
2015-05-29,185.333290439,200,119197.0,1.4e-05,559.0,8725000.0,21.2759919997,
2015-05-30,837.332001761,88,115018.0,1.4e-05,1627.0,3775000.0,10.2020710013,
2015-05-31,127.123276989,134,98381.0,1.2e-05,408.0,6000000.0,16.2472759999,
2015-06-01,237.741208049,128,81288.0,1e-05,96.0,4400000.0,21.7304609986,
2015-06-02,186.618983141,139,87377.0,1e-05,275.0,6050000.0,15.6970229993,
2015-06-03,203.588554887,99,80518.0,1e-05,332.0,2525000.0,11.2778320012,
2015-06-04,574.195452232,155,79145.0,9e-06,1268.0,3925000.0,24.2936050071,
2015-06-05,353.832864736,143,79643.0,9e-06,1106.0,3375000.0,23.5875339984,
2015-06-06,113.554400335,203,113512.0,1.3e-05,382.0,5800000.0,21.9980909997,
2015-06-07,97.7180002267,224,105989.0,1.3e-05,463.0,5325000.0,24.355508,
2015-06-08,187.081509104,183,100022.0,1.2e-05,127.0,4700000.0,26.2577770015,
2015-06-09,4258.18388646,284,96293.0,1.1e-05,232.0,7475000.0,32.6637969895,
2015-06-10,129.866349511,256,100037.0,1.2e-05,912.0,6425000.0,28.2185739998,
2015-06-11,344.366400618,172,99459.0,1.2e-05,719.0,4275000.0,21.3254249989,
2015-06-12,162.731694109,205,97010.0,1.1e-05,106.0,5725000.0,22.6015450004,
2015-06-13,196.939193891,233,115715.0,1.4e-05,180.0,9000000.0,27.9143239997,
2015-06-14,326.145141472,157,101519.0,1.2e-05,839.0,7325000.0,19.6161150013,
2015-06-15,115.49061089,194,99071.0,1.2e-05,400.0,8900000.0,24.1331250001,
2015-06-16,170.86545548,330,100789.0,1.2e-05,1243.0,8900000.0,36.2718420001,
2015-06-17,492.622085921,338,106404.0,1.3e-05,1179.0,8400000.0,39.5731579991,
2015-06-18,264.258273697,377,105905.0,1.2e-05,560.0,9100000.0,42.0993349997,
2015-06-19,316.490746007,318,105941.0,1.2e-05,460.0,12650000.0,37.9596050016,
2015-06-20,166.465597571,198,122736.0,1.4e-05,371.0,9850000.0,22.4606849999,
2015-06-21,400.502287066,138,104541.0,1.2e-05,697.0,6825000.0,18.193747008,
2015-06-22,298.338872906,165,104140.0,1.2e-05,749.0,6975000.0,19.2260690002,
2015-06-23,90.7830183771,147,105468.0,1.2e-05,201.0,7575000.0,17.714931,
2015-06-24,160.971272765,164,108367.0,1.3e-05,157.0,8350000.0,32.0117910002,
2015-06-25,85.962862184,118,104903.0,1.2e-05,163.0,5775000.0,14.2555559999,
2015-06-26,100.815103609,144,103976.0,1.2e-05,180.0,7450000.0,17.3936590004,
2015-06-27,172.384174286,245,119652.0,1.4e-05,166.0,11700000.0,27.8239489999,
2015-06-28,152.546483771,310,107874.0,1.3e-05,229.0,10700000.0,33.7605000001,
2015-06-29,200.728093135,187,106876.0,1.2e-05,1655.0,7325000.0,28.7353099999,
2015-06-30,288.570426562,173,110841.0,1.3e-05,661.0,7800000.0,19.450239999,
2015-07-01,213.623710063,276,113798.0,1.3e-05,206.0,11900000.0,31.1569339999,
2015-07-02,263.101021871,275,111451.0,1.3e-05,259.0,8900000.0,31.2144489996,
2015-07-03,189.258065728,266,110169.0,1.3e-05,3125.0,11025000.0,32.1466789997,
2015-07-04,403.289282305,462,110672.0,1.3e-05,5479.0,13450000.0,51.7786779997,
2015-07-05,306.507483191,380,136823.0,1.6e-05,2315.0,14350000.0,45.851456,
2015-07-06,886.15778626,267,141395.0,1.6e-05,7541.0,8925000.0,38.7496549967,
2015-07-07,4335.20103265,252,163166.0,1.9e-05,7882.0,7050000.0,28.3644480111,
2015-07-08,17637.6574751,226,184821.0,2.1e-05,1559.0,7275000.0,26.6228389493,
2015-07-09,1145.9903455,273,141386.0,1.6e-05,1576.0,10725000.0,38.2305839948,
2015-07-10,2015.03983242,244,163511.0,1.9e-05,1743.0,10750000.0,29.1563499995,
2015-07-11,2204.50686946,200,178863.0,2.1e-05,2070.0,9125000.0,23.8266739871,
2015-07-12,2063.35319035,220,204024.0,2.3e-05,1810.0,9400000.0,27.0061849982,
2015-07-13,1764.61278643,218,217072.0,2.5e-05,452.0,11300000.0,27.8999100006,
2015-07-14,715.245499668,247,164349.0,1.9e-05,699.0,10350000.0,27.8072230018,
2015-07-15,502.676340268,246,201665.0,2.3e-05,382.0,11075000.0,28.5769190004,
2015-07-16,498.673451809,273,176168.0,2e-05,852.0,11500000.0,30.1650670018,
2015-07-17,521.899194362,217,188919.0,2.2e-05,1661.0,8175000.0,24.1891160002,
2015-07-18,1468.76203376,336,194129.0,2.2e-05,1143.0,10025000.0,38.7794700009,
2015-07-19,750.487560889,235,168793.0,1.9e-05,571.0,8050000.0,27.9783230008,
2015-07-20,245.263281902,213,168268.0,1.9e-05,728.0,7350000.0,25.5266790003,
2015-07-21,1694.10265091,228,171851.0,2e-05,1825.0,7650000.0,25.5632620015,
2015-07-22,310.391458541,235,170209.0,1.9e-05,1257.0,8975000.0,28.7411009995,
2015-07-23,351.370897012,275,146807.0,1.7e-05,496.0,9350000.0,32.6871659999,
2015-07-24,513.919397934,286,146521.0,1.7e-05,1232.0,11475000.0,33.5819979991,
2015-07-25,222.263607654,233,178490.0,2e-05,602.0,9300000.0,25.027595,
2015-07-26,535.802364339,263,158106.0,1.8e-05,210.0,10650000.0,29.0826330006,
2015-07-27,403.415192037,298,159412.0,1.8e-05,386.0,12850000.0,62.8061030008,
2015-07-28,431.590288742,227,158587.0,1.8e-05,1357.0,10625000.0,31.7587529992,
2015-07-29,1903.61035156,288,183118.0,2.1e-05,567.0,9450000.0,44.2346179983,
2015-07-30,294.814965622,230,154675.0,1.7e-05,1144.0,9950000.0,27.1683170001,
2015-07-31,744.123280052,202,156092.0,1.8e-05,2364.0,7300000.0,22.2676479992,
2015-08-01,951.749168789,204,186271.0,2.1e-05,291.0,9650000.0,26.039172998,
2015-08-02,379.267254986,189,175951.0,2e-05,558.0,9000000.0,21.2018590004,
2015-08-03,422.908542891,159,177168.0,2e-05,3950.0,4825000.0,23.3311849995,
2015-08-04,11560.3997125,263,261545.0,2.9e-05,3504.0,5175000.0,33.8758419911,
2015-08-05,2635.51438048,213,178900.0,2e-05,2844.0,5025000.0,28.3264049985,
2015-08-06,6310.70372038,218,201815.0,2.3e-05,2163.0,5650000.0,33.0056940081,
2015-08-07,3118.83509194,169,187505.0,2.1e-05,3296.0,2825000.0,19.627863,
2015-08-08,331.968612057,147,207474.0,2.3e-05,501.0,3050000.0,29.0620569994,
2015-08-09,1217.70899292,242,187151.0,2.1e-05,902.0,8225000.0,36.3648060038,
2015-08-10,1122.57806892,254,180613.0,2e-05,861.0,10675000.0,28.0986649976,
2015-08-11,546.98870263,260,169116.0,1.9e-05,813.0,10575000.0,28.2033310003,
2015-08-12,411.112180102,290,172408.0,1.9e-05,122.0,10025000.0,33.2779409995,
2015-08-13,1138.00904678,295,168273.0,1.9e-05,1235.0,12400000.0,36.0639879998,
2015-08-14,1005.89971884,225,165795.0,1.8e-05,4606.0,6600000.0,25.5607159994,
2015-08-15,944.128452811,270,165270.0,1.8e-05,623.0,8200000.0,33.0566089982,
2015-08-16,197.635973487,198,143457.0,1.6e-05,362.0,5175000.0,21.0233339994,
2015-08-17,446.782283421,198,141766.0,1.6e-05,184.0,5125000.0,30.070068002,
2015-08-18,2095.94345844,214,157104.0,1.7e-05,1565.0,6200000.0,24.6463540027,
2015-08-19,853.955279973,217,96016.0,1.1e-05,183.0,5800000.0,24.2066570104,
2015-08-20,4276.55533903,279,137712.0,1.5e-05,2321.0,8325000.0,31.7397639797,
2015-08-21,198.190010398,258,122715.0,1.4e-05,2158.0,6175000.0,27.1598869996,
2015-08-22,303.269764581,233,116537.0,1.3e-05,231.0,5050000.0,25.1295500003,
2015-08-23,513.828458765,263,123047.0,1.4e-05,206.0,5350000.0,29.1403229998,
2015-08-24,458.442327512,303,124223.0,1.4e-05,616.0,7875000.0,46.5474440031,
2015-08-25,335.592035793,249,98040.0,1.1e-05,1487.0,7125000.0,27.9514699991,
2015-08-26,56.4677404505,144,120858.0,1.3e-05,532.0,4125000.0,15.2001639997,
2015-08-27,673.995177033,237,140022.0,1.5e-05,1074.0,3600000.0,27.1585959989,
2015-08-28,1741.45279845,441,141679.0,1.6e-05,420.0,5212500.0,48.533904999,
2015-08-29,2717.95279785,284,128617.0,1.4e-05,434.0,3225000.0,30.9286379945,
2015-08-30,1320.70127443,240,125707.0,1.4e-05,1213.0,2412500.0,25.3920819924,
2015-08-31,2756.98624441,253,145902.0,1.6e-05,2499.0,3050000.0,26.6429270003,
2015-09-01,654.383999945,170,125776.0,1.4e-05,228.0,2612500.0,18.7971549993,
2015-09-02,1676.55115907,220,126147.0,1.4e-05,460.0,2712500.0,24.1750130013,
2015-09-03,310.914699323,206,125294.0,1.4e-05,156.0,3625000.0,22.3315239994,
2015-09-04,417.580715285,124,124843.0,1.4e-05,525.0,1462500.0,13.4841370038,
2015-09-05,1290.89126286,126,144234.0,1.6e-05,383.0,1500000.0,13.1466210028,
2015-09-06,282.347150033,111,126137.0,1.4e-05,425.0,1200000.0,24.8757630002,
2015-09-07,681.580034415,142,151907.0,1.7e-05,152.0,2100000.0,16.0318189975,
2015-09-08,370.613846634,120,131333.0,1.4e-05,657.0,1625000.0,13.4652209957,
2015-09-09,2438.45923135,151,112081.0,1.2e-05,905.0,1112500.0,23.1482380625,
2015-09-10,1702.90060943,144,130503.0,1.4e-05,1298.0,1750000.0,15.9946000011,
2015-09-11,768.800825778,137,152368.0,1.7e-05,88.0,1587500.0,16.0634749978,
2015-09-12,377.790529075,248,149274.0,1.6e-05,687.0,1562500.0,27.7587250016,
2015-09-13,876.540095093,67,128910.0,1.4e-05,99.0,1312500.0,9.42937999188,
2015-09-14,159.359919799,102,144432.0,1.6e-05,457.0,887500.0,15.0361600001,
2015-09-15,390.350491461,87,134535.0,1.5e-05,167.0,1012500.0,10.3350040012,
2015-09-16,880.151337418,123,126828.0,1.4e-05,1708.0,1625000.0,14.2165390041,
2015-09-17,280.785162077,108,136253.0,1.5e-05,59.0,1437500.0,11.3290480014,
2015-09-18,289.986188861,66,126307.0,1.4e-05,416.0,875000.0,6.8850939999,
2015-09-19,74.7855333806,117,128188.0,1.4e-05,150.0,1425000.0,14.136256999,
2015-09-20,111.367709327,128,129353.0,1.4e-05,115.0,1475000.0,18.4229519997,
2015-09-21,409.05304829,93,142458.0,1.6e-05,78.0,950000.0,9.84005199827,
2015-09-22,241.207664634,128,125094.0,1.4e-05,531.0,1300000.0,13.0251850022,
2015-09-23,95.2390865414,98,135936.0,1.5e-05,882.0,712500.0,10.5646700002,
2015-09-24,32.5090392084,175,126382.0,1.4e-05,1214.0,3012500.0,18.232538,
2015-09-25,28.9069182965,68,128749.0,1.4e-05,1507.0,625000.0,8.31012499992,
2015-09-26,1048.23566144,100,150589.0,1.6e-05,1553.0,1475000.0,10.532404001,
2015-09-27,2566.38604892,103,144746.0,1.6e-05,208.0,1237500.0,11.9637869975,
2015-09-28,486.093624556,130,131230.0,1.4e-05,52.0,1662500.0,14.5194080016,
2015-09-29,242.852202164,154,152647.0,1.7e-05,67.0,1662500.0,16.424161999,
2015-09-30,46.5724781538,136,142246.0,1.6e-05,49.0,1650000.0,14.7174349999,
2015-10-01,17.186953007,87,129708.0,1.4e-05,1391.0,1037500.0,9.14447499996,
2015-10-02,1027.05047263,118,152253.0,1.7e-05,156.0,1950000.0,12.7390529997,
2015-10-03,306.882816812,84,137394.0,1.5e-05,227.0,937500.0,9.35264300173,
2015-10-04,44.6543560356,116,151549.0,1.7e-05,195.0,975000.0,12.681098,
2015-10-05,2183.69304347,212,152795.0,1.7e-05,126.0,2075000.0,26.3482830049,
2015-10-06,1132.22386363,161,133192.0,1.5e-05,4027.0,1650000.0,23.7718690356,
2015-10-07,397.952989488,159,112988.0,1.2e-05,914.0,1937500.0,17.0412260014,
2015-10-08,65.9413630521,162,111384.0,1.2e-05,134.0,1825000.0,17.3418049997,
2015-10-09,502.586539666,205,111349.0,1.2e-05,89.0,1775000.0,22.9024849987,
2015-10-10,53.1135875015,124,111894.0,1.2e-05,72.0,1437500.0,13.2102900004,
2015-10-11,35.1169936269,141,124992.0,1.4e-05,22.0,1425000.0,14.967158,
2015-10-12,436.824108113,142,130892.0,1.4e-05,32.0,1437500.0,15.3088100017,
2015-10-13,167.655849655,142,112600.0,1.2e-05,53.0,1312500.0,17.6359359991,
2015-10-14,1001.10858902,138,116434.0,1.3e-05,575.0,1175000.0,22.1020749953,
2015-10-15,23.2399990058,90,115756.0,1.3e-05,152.0,900000.0,10.022028,
2015-10-16,93.3843581479,127,118130.0,1.3e-05,61.0,1062500.0,14.1137910001,
2015-10-17,110.101209896,177,120680.0,1.3e-05,968.0,1962500.0,21.5601,
2015-10-18,1757.0823897,279,124356.0,1.4e-05,435.0,1900000.0,30.5263579999,
2015-10-19,182.279585919,225,119880.0,1.3e-05,317.0,1387500.0,23.3056270011,
2015-10-20,452.087108955,147,126128.0,1.4e-05,97.0,1812500.0,17.1560830025,
2015-10-21,611.728114093,208,102347.0,1.1e-05,1404.0,2187500.0,21.8071180024,
2015-10-22,2859.85204645,104,116156.0,1.3e-05,630.0,662500.0,13.7447310017,
2015-10-23,2791.72241416,248,140805.0,1.5e-05,2139.0,1762500.0,40.7123590268,
2015-10-24,991.04522147,136,126714.0,1.4e-05,331.0,1100000.0,16.9549740036,
2015-10-25,922.954281023,208,129306.0,1.4e-05,271.0,1837500.0,26.0906979991,
2015-10-26,91.1666757257,192,128455.0,1.4e-05,169.0,1437500.0,19.9427710002,
2015-10-27,46.7018079654,106,104962.0,1.1e-05,454.0,1162500.0,10.797772,
2015-10-28,75.4902818955,234,127990.0,1.4e-05,49.0,1737500.0,23.9764069999,
2015-10-29,37.214310086,157,150350.0,1.6e-05,50.0,1125000.0,16.2544830001,
2015-10-30,3349.29732101,291,113785.0,1.2e-05,229.0,1762500.0,46.5228600409,
2015-10-31,72.988400417,298,149651.0,1.6e-05,560.0,3475000.0,31.18026,
2015-11-01,54.8322720571,241,115924.0,1.3e-05,29.0,2675000.0,25.4509940001,
2015-11-02,729.404625485,219,145350.0,1.6e-05,902.0,1687500.0,23.5601529985,
2015-11-03,752.262322999,263,133084.0,1.4e-05,770.0,2100000.0,32.7107040184,
2015-11-04,938.003567082,263,148666.0,1.6e-05,1350.0,1837500.0,28.2859370002,
2015-11-05,2610.08104001,311,129297.0,1.4e-05,154.0,1975000.0,33.8449750017,
2015-11-06,276.764803643,239,142376.0,1.5e-05,211.0,1900000.0,38.783362,
2015-11-07,1095.20725728,1990,108566.0,1.2e-05,159.0,1862500.0,202.475723999,
2015-11-08,3429.6009684,6565,109563.0,1.2e-05,124.0,1775000.0,663.731527,
2015-11-09,2588.22993401,5672,135836.0,1.5e-05,159.0,1537500.0,605.789698,
2015-11-10,920.537824325,3128,113037.0,1.2e-05,99.0,1200000.0,342.817628999,
2015-11-11,245.743044336,198,124243.0,1.3e-05,285.0,2362500.0,22.9441970011,
2015-11-12,161.255463589,813,113431.0,1.2e-05,174.0,3112500.0,93.5347309999,
2015-11-13,1356.47114321,2502,111803.0,1.2e-05,79.0,2250000.0,260.177548998,
2015-11-14,557.686235795,108,109965.0,1.2e-05,124.0,1412500.0,28.6249000029,
2015-11-15,41.5648374403,120,108759.0,1.2e-05,28.0,1850000.0,12.79098,
2015-11-16,114.036172156,180,106227.0,1.2e-05,210.0,2162500.0,20.420951,
2015-11-17,135.480200852,314,128381.0,1.4e-05,1051.0,4062500.0,41.6093530001,
2015-11-18,296.429425406,319,92919.0,1e-05,328.0,5325000.0,43.5058029987,
2015-11-19,340.291414942,331,93510.0,1e-05,158.0,3162500.0,204.400308,
2015-11-20,477.347497825,108,136777.0,1.5e-05,95.0,1262500.0,21.9776190002,
2015-11-21,59.0035522096,189,119005.0,1.3e-05,69.0,2700000.0,21.00835,
2015-11-22,246.753494506,166,90783.0,1e-05,31.0,1900000.0,20.1802659995,
2015-11-23,1444.18012265,142,90287.0,1e-05,262.0,1450000.0,19.7157339923,
2015-11-24,395.036249198,201,96693.0,1e-05,621.0,2537500.0,22.755132003,
2015-11-25,1212.14787545,135,105472.0,1.1e-05,148.0,1862500.0,14.4825220027,
2015-11-26,644.806060821,94,150793.0,1.6e-05,278.0,1587500.0,13.8976810003,
2015-11-27,386.427344048,71,130686.0,1.4e-05,404.0,987500.0,8.76589499907,
2015-11-28,3610.15402418,84,132192.0,1.4e-05,3294.0,1475000.0,26.6619080002,
2015-11-29,87.1053011474,130,159910.0,1.7e-05,90.0,2387500.0,13.8198309999,
2015-11-30,3911.37218444,77,136768.0,1.5e-05,5892.0,500000.0,12.9229760176,
2015-12-01,1331.57710064,148,204141.0,2.2e-05,653.0,650000.0,16.4474700016,
2015-12-02,2094.11554495,92,159729.0,1.7e-05,330.0,700000.0,9.45298999866,
2015-12-03,684.385231398,165,183668.0,2e-05,688.0,1700000.0,17.6620129984,
2015-12-04,1787.42241543,178,142427.0,1.5e-05,1441.0,1287500.0,20.200829005,
2015-12-05,347.355610934,129,197625.0,2.1e-05,1041.0,1700000.0,18.4979150011,
2015-12-06,878.060262949,210,144307.0,1.6e-05,383.0,3975000.0,25.9581970011,
2015-12-07,902.146262529,228,144492.0,1.6e-05,301.0,4262500.0,28.3669509994,
2015-12-08,384.180748724,218,127100.0,1.4e-05,480.0,4200000.0,25.5844209978,
2015-12-09,2110.17587824,235,162561.0,1.8e-05,1548.0,3462500.0,34.6893900046,
2015-12-10,1953.86273789,158,172215.0,1.9e-05,748.0,2062500.0,17.3154069987,
2015-12-11,1395.95907287,52,183360.0,2e-05,1451.0,412500.0,6.85751700121,
2015-12-12,2786.38070371,84,167438.0,1.8e-05,429.0,1125000.0,10.1046760053,
2015-12-13,2187.10355437,131,223341.0,2.4e-05,2038.0,1825000.0,20.8764700034,
2015-12-14,2090.13534374,117,157689.0,1.7e-05,1708.0,2225000.0,18.377815992,
2015-12-15,418.455162035,136,164222.0,1.8e-05,431.0,1975000.0,16.8993260007,
2015-12-16,1556.36350679,129,163097.0,1.8e-05,367.0,1712500.0,13.9854800002,
2015-12-17,5956.90186835,102,127338.0,1.4e-05,3956.0,1650000.0,24.7214190251,
2015-12-18,1049.35442212,81,169252.0,1.8e-05,1339.0,1150000.0,15.4823990054,
2015-12-19,4775.23655003,111,166877.0,1.8e-05,4750.0,1225000.0,26.9625070134,
2015-12-20,1414.12015234,125,213711.0,2.3e-05,460.0,1487500.0,15.959558001,
2015-12-21,2418.81462051,69,155606.0,1.7e-05,156.0,475000.0,8.43810101945,
2015-12-22,3904.28967192,108,157571.0,1.7e-05,4829.0,1150000.0,13.3591400053,
2015-12-23,7466.41753077,163,198738.0,2.1e-05,3454.0,2037500.0,79.8444220196,
2015-12-24,3293.54028163,241,163956.0,1.8e-05,1772.0,3137500.0,56.8799660061,
2015-12-25,340.671397353,192,127149.0,1.4e-05,175.0,2037500.0,28.0099769981,
2015-12-26,522.980799416,213,124397.0,1.3e-05,343.0,3050000.0,29.6207750004,
2015-12-27,1787.81721311,168,132161.0,1.4e-05,847.0,2612500.0,32.7497509962,
2015-12-28,15327.2923826,235,160743.0,1.7e-05,7446.0,4625000.0,77.8838592236,
2015-12-29,3123.95277304,199,118160.0,1.3e-05,2705.0,2687500.0,225.774278989,
2015-12-30,31620.4530544,203,155866.0,1.7e-05,347.0,2262500.0,100.102405065,
2015-12-31,4737.38264699,674,117036.0,1.3e-05,523.0,1475000.0,171.140962997,
2016-01-01,1152.83706009,193,121532.0,1.3e-05,700.0,1962500.0,51.0203460107,
2016-01-02,6743.06830569,224,138945.0,1.5e-05,2473.0,2475000.0,46.0603010195,
2016-01-03,1550.04886856,155,106369.0,1.1e-05,480.0,1762500.0,37.7641959877,
2016-01-04,1348.61462456,106,109998.0,1.2e-05,486.0,2112500.0,36.1497810014,
2016-01-05,1028.30552824,139,121454.0,1.3e-05,135.0,2250000.0,21.3272740021,
2016-01-06,5741.84165744,161,123628.0,1.3e-05,1524.0,1637500.0,33.0044249956,
2016-01-07,1498.42201484,145,120327.0,1.3e-05,244.0,2150000.0,23.547069998,
2016-01-08,4287.35057683,95,128385.0,1.4e-05,204.0,2675000.0,11.3071649917,
2016-01-09,10373.4808536,90,126782.0,1.4e-05,621.0,1250000.0,9.45320298654,
2016-01-10,7729.174562,146,125594.0,1.3e-05,411.0,1437500.0,16.7228890177,
2016-01-11,6880.05370829,98,129933.0,1.4e-05,1292.0,1975000.0,11.7594079884,
2016-01-12,1429.86411093,151,125855.0,1.3e-05,886.0,2975000.0,18.5284469983,
2016-01-13,1396.28878867,99,122321.0,1.3e-05,61.0,2400000.0,12.4575529923,
2016-01-14,430.482847833,64,119314.0,1.3e-05,130.0,1612500.0,7.14321099881,
2016-01-15,729.567350966,87,123796.0,1.3e-05,97.0,1350000.0,12.8492549981,
2016-01-16,137.946261661,163,102286.0,1.1e-05,131.0,3062500.0,17.4014669997,
2016-01-17,718.596355788,227,108143.0,1.2e-05,146.0,4362500.0,24.2864429935,
2016-01-18,512.119704218,258,79512.0,8e-06,331.0,4112500.0,35.8040590004,
2016-01-19,1148.80382568,193,79453.0,8e-06,200.0,2625000.0,20.4531099966,
2016-01-20,152.07503669,176,86318.0,9e-06,175.0,3600000.0,24.2675210021,
2016-01-21,386.403839307,177,82149.0,9e-06,1267.0,5087500.0,19.7256610015,
2016-01-22,137.186843828,186,78425.0,8e-06,1491.0,2712500.0,19.4597169996,
2016-01-23,115.879365658,151,141989.0,1.5e-05,560.0,2037500.0,17.538479,
2016-01-24,253.46647779,126,111627.0,1.2e-05,152.0,1562500.0,14.2377149993,
2016-01-25,500.098563011,155,81642.0,9e-06,164.0,2025000.0,16.8634960089,
2016-01-26,2081.18574726,169,80915.0,9e-06,1296.0,1250000.0,23.7626870134,
2016-01-27,2447.54658619,199,146735.0,1.6e-05,3711.0,2712500.0,22.2338450171,
2016-01-28,836.247221211,338,184886.0,2e-05,1057.0,4200000.0,41.1292629992,
2016-01-29,135.586715029,165,141877.0,1.5e-05,494.0,2125000.0,17.1372030003,
2016-01-30,510.792825413,235,139770.0,1.5e-05,654.0,2487500.0,33.1395669983,
2016-01-31,620.832236719,211,147082.0,1.6e-05,1869.0,3337500.0,24.4988200015,
2016-02-01,2210.07041388,214,139313.0,1.5e-05,1199.0,3000000.0,29.7869729993,
2016-02-02,207.717288222,160,144394.0,1.5e-05,387.0,2187500.0,21.6783189998,
2016-02-03,437.68871106,213,147739.0,1.6e-05,333.0,4612500.0,24.5591090011,
2016-02-04,265.435732469,262,143682.0,1.5e-05,261.0,3562500.0,30.6695610006,
2016-02-05,766.34081534,263,162811.0,1.7e-05,3074.0,3112500.0,29.8060949996,
2016-02-06,7512.94557135,289,180591.0,1.9e-05,1609.0,3650000.0,35.4777560102,
2016-02-07,812.971517748,299,177082.0,1.9e-05,3525.0,2500000.0,37.6028120005,
2016-02-08,1977.31949854,351,177439.0,1.9e-05,1063.0,3575000.0,40.3637580016,
2016-02-09,1113.6945915,310,141280.0,1.5e-05,4672.0,3337500.0,33.7358409935,
2016-02-10,2232.2580135,290,177725.0,1.9e-05,10365.0,3200000.0,52.7857439926,
2016-02-11,15107.5888494,308,258753.0,2.7e-05,15670.0,3225000.0,107.566920984,
2016-02-12,5443.10211624,356,288621.0,3.1e-05,6962.0,3575000.0,128038.972801,
2016-02-13,9931.49798087,496,324920.0,3.4e-05,9553.0,4150000.0,47061.875802,
2016-02-14,14144.2901304,650,406168.0,4.3e-05,5644.0,5687500.0,32131.508717,
2016-02-15,4257.31275191,388,310984.0,3.3e-05,3749.0,2787500.0,46.6884410009,
2016-02-16,3413.99351646,489,298192.0,3.2e-05,9749.0,4650000.0,55.4268559993,
2016-02-17,14206.9518586,386,383130.0,4e-05,3905.0,3487500.0,134.716362993,
2016-02-18,20513.7621544,1031,400078.0,4.2e-05,5967.0,8775000.0,128.073176991,
2016-02-19,23030.9946742,593,531376.0,5.6e-05,1692.0,8137500.0,90.3886769939,
2016-02-20,19292.5103377,561,820443.0,8.7e-05,725.0,11537500.0,66.2832550039,
2016-02-21,34136.7526888,2042,809956.0,8.6e-05,184.0,10962500.0,221.23004899,
2016-02-22,10532.4989145,305,706145.0,7.5e-05,11757.0,15737500.0,38.4229130025,
2016-02-23,20228.1762739,653,627630.0,6.6e-05,9878.0,6087500.0,83.7560610025,
2016-02-24,14400.6980549,302,525935.0,5.5e-05,9964.0,18662500.0,48.46441799,
2016-02-25,18650.275809,240,527529.0,5.5e-05,4831.0,19362500.0,46.5190270025,
2016-02-26,5433.77195931,101,488528.0,5.1e-05,7276.0,24500000.0,22.3716499962,
2016-02-27,3854.73232342,156,496895.0,5.2e-05,7881.0,30275000.0,46.7646470074,
2016-02-28,3588.44127803,351,458031.0,4.8e-05,8798.0,18437500.0,350.791709008,
2016-02-29,2613.89597408,243,501376.0,5.2e-05,7001.0,18412500.0,82.5163249979,
2016-03-01,3405.31584839,233,464993.0,4.8e-05,4875.0,19362500.0,42.0155989987,
2016-03-02,2062.07283703,214,379333.0,3.9e-05,5842.0,18800000.0,37.0681250007,
2016-03-03,8349.88701432,192,413643.0,4.3e-05,5271.0,22262500.0,163.561282995,
2016-03-04,1084.50487292,285,407877.0,4.2e-05,4682.0,14487500.0,292.968793002,
2016-03-05,2022.11398401,105,400549.0,4.1e-05,6924.0,25250000.0,125.445397,
2016-03-06,1559.49194583,117,390931.0,4e-05,3564.0,16625000.0,138.506394001,
2016-03-07,3224.65542032,165,399802.0,4.1e-05,17662.0,20850000.0,244.907077998,
2016-03-08,17053.3670216,203,489448.0,5e-05,16558.0,22687500.0,186.997829005,
2016-03-09,18016.322605,503,650804.0,6.6e-05,68824.0,4975000.0,406.28567602,
2016-03-10,29179.3356902,468,856483.0,8.7e-05,52866.0,19425000.0,284.969095999,
2016-03-11,102298.147859,620,1189550.0,0.000121,190205.0,22962500.0,245.591017008,
2016-03-12,21446.6657791,302,1877620.0,0.00019,52384.0,24937500.0,157.865420994,
2016-03-13,28912.6434044,210,1750890.0,0.000177,42651.0,25950000.0,76.3376969988,
2016-03-14,19704.5201058,267,1928900.0,0.000194,38928.0,18612500.0,155.228093001,
2016-03-15,41371.8458258,321,1905010.0,0.000192,34318.0,24775000.0,115.389178997,
2016-03-16,29031.3319906,158,1746110.0,0.000175,61496.0,23737500.0,129.313790001,
2016-03-17,8155.84054751,132,1624040.0,0.000163,45644.0,30137500.0,122.593854001,
2016-03-18,0.0,0,1262060.0,0.000126,17269.0,35987500.0,0.0,
2016-03-19,14617.8782492,295,1390980.0,0.000139,8517.0,25687500.0,201.187897997,
2016-03-20,6687.48203156,594,1239620.0,0.000123,16405.0,29037500.0,178.702757,
2016-03-21,10678.3886155,1026,1379950.0,0.000137,20555.0,25962500.0,235.693155006,
2016-03-22,144.537965834,93,1256500.0,0.000124,10291.0,34512500.0,9.72260599999,
2016-03-23,7179.51784485,761,1230080.0,0.000121,13367.0,26775000.0,134.996532003,
2016-03-24,72.8136155954,41,1151770.0,0.000113,19695.0,34900000.0,4.28301699999,
2016-03-25,14792.987999,392,1019650.0,0.0001,110896.0,27662500.0,91.9255790079,
2016-03-26,564.071539321,123,1369530.0,0.000134,25412.0,33512500.0,15.5615040005,
2016-03-27,13725.0756772,126,1286540.0,0.000125,11344.0,34887500.0,75.7829230038,
2016-03-28,6923.35689608,75,1453400.0,0.000141,59092.0,31787500.0,38.0982529976,
2016-03-29,4634.37064826,85,1361200.0,0.000131,9337.0,31437500.0,39.3797540026,
2016-03-30,7336.19271196,92,1340620.0,0.000129,13948.0,28225000.0,42.9287490001,
2016-03-31,3005.27633224,74,1295910.0,0.000124,19155.0,24925000.0,56.0650180023,
2016-04-01,3409.53510331,56,1223350.0,0.000117,10403.0,24637500.0,58.042572001,
2016-04-02,21450.0389823,304,1226770.0,0.000117,33868.0,3875000.0,50.5666330045,
2016-04-03,8926.99749531,273,1364110.0,0.00013,10010.0,2737500.0,37.101970001,
2016-04-04,643.072909968,219,1312010.0,0.000125,441.0,31350000.0,22.0952340001,
2016-04-05,4238.48672455,102,1383450.0,0.000132,966.0,34675000.0,13.1445040015,
2016-04-06,539.361949347,34,1291760.0,0.000123,769.0,33900000.0,6.31398900013,
2016-04-07,4372.96381889,56,1474280.0,0.00014,1880.0,35075000.0,8.48738400137,
2016-04-08,5303.7696419,75,2284390.0,0.000216,638.0,34887500.0,10.3998519997,
2016-04-09,5033.82355498,62,2037410.0,0.000192,399.0,34012500.0,9.57877300021,
2016-04-10,1044.35530563,49,1830560.0,0.000172,860.0,34112500.0,5.33915099998,
2016-04-11,8755.59174956,469,2057150.0,0.000192,631.0,23275000.0,50.7514809992,
2016-04-12,126595.963213,1346,2282640.0,0.000213,37220.0,18925000.0,1782.66216698,
2016-04-13,57600.6190792,1240,1146180.0,0.000107,20766.0,19275000.0,2906.82163398,
2016-04-14,8851.89482712,1537,917048.0,8.5e-05,14853.0,19262500.0,5425.507457,
2016-04-15,5583.212128,1029,826445.0,7.7e-05,8297.0,19087500.0,2861.457169,
2016-04-16,4416.73676907,1148,810302.0,7.5e-05,16982.0,19400000.0,4744.818019,
2016-04-17,7450.47554464,956,750506.0,6.9e-05,9763.0,19412500.0,2739.315127,
2016-04-18,7947.68221138,925,835997.0,7.7e-05,15461.0,19537500.0,2099.247145,
2016-04-19,12308.7472554,885,790808.0,7.3e-05,8718.0,19137500.0,263.894852999,
2016-04-20,35355.149293,735,712792.0,6.5e-05,11106.0,18112500.0,840.590110982,
2016-04-21,15553.1750407,721,633326.0,5.8e-05,21313.0,18625000.0,1132.93916502,
2016-04-22,3063.89931329,888,589273.0,5.4e-05,6899.0,18537500.0,12684.777685,
2016-04-23,1911.03331792,674,725266.0,6.6e-05,2537.0,18825000.0,7930.921069,
2016-04-24,2185.77238674,610,645439.0,5.9e-05,2226.0,19300000.0,9511.988296,
2016-04-25,1920.60969977,596,650691.0,5.9e-05,3809.0,19175000.0,3506.135577,
2016-04-26,2556.76030303,791,659384.0,6e-05,5123.0,19400000.0,11664.583177,
2016-04-27,1896.64298699,634,606944.0,5.5e-05,3036.0,19137500.0,6744.96861,
2016-04-28,4630.93662753,525,587725.0,5.3e-05,5049.0,18887500.0,5663.250659,
2016-04-29,5186.81608641,763,594799.0,5.4e-05,3716.0,19050000.0,4499.660311,
2016-04-30,1769.10413273,653,554109.0,5e-05,2338.0,18087500.0,6124.170772,
2016-05-01,2325.01565548,504,565435.0,5.1e-05,2489.0,17500000.0,6571.585534,
2016-05-02,2690.16298599,703,567568.0,5.1e-05,3861.0,19287500.0,5844.138518,
2016-05-03,3541.67399136,803,550044.0,4.9e-05,1554.0,18437500.0,3282.55170999,
2016-05-04,2430.08693462,662,563221.0,5.1e-05,5344.0,17200000.0,5871.344437,
2016-05-05,2673.76949714,735,589230.0,5.3e-05,7681.0,18062500.0,13654.655066,
2016-05-06,3731.97407084,619,552283.0,4.9e-05,5367.0,14506250.0,3720.972602,
2016-05-07,1545.62879993,236,517885.0,4.6e-05,3953.0,5506250.0,31.7614009984,
2016-05-08,1721.62619036,224,567782.0,5.1e-05,4329.0,6512500.0,1891.91063,
2016-05-09,4381.99689027,329,538346.0,4.8e-05,6092.0,12712500.0,1367.66823201,
2016-05-10,1182.55603069,373,525657.0,4.7e-05,4817.0,12818750.0,53.6010800008,
2016-05-11,2835.10134064,480,457447.0,4.1e-05,8125.0,12625000.0,68.1297710035,
2016-05-12,3052.94513774,400,412910.0,3.7e-05,2349.0,12312500.0,61.6511389959,
2016-05-13,4935.14087372,436,463885.0,4.1e-05,5260.0,12231250.0,70.6370270056,
2016-05-14,5243.76517541,353,463388.0,4.1e-05,3214.0,12475000.0,1270.952609,
2016-05-15,1876.49918875,413,414497.0,3.7e-05,2730.0,14850000.0,68.9760390016,
2016-05-16,1884.84253244,482,458116.0,4.1e-05,7207.0,15118750.0,70.8734909999,
2016-05-17,3867.47571457,493,359560.0,3.2e-05,3336.0,15968750.0,80.9877039962,
2016-05-18,1192.30401537,531,316121.0,2.8e-05,3759.0,16025000.0,75.7659259993,
2016-05-19,848.317408805,561,310503.0,2.7e-05,1878.0,15756250.0,87.1674689997,
2016-05-20,3457.2725794,555,348687.0,3.1e-05,2886.0,15781250.0,81.6752989965,
2016-05-21,2522.21780421,558,356481.0,3.1e-05,1773.0,16125000.0,81.3731190012,
2016-05-22,1174.15673218,524,352747.0,3.1e-05,903.0,16175000.0,76.4679450015,
2016-05-23,2163.308417,425,360029.0,3.2e-05,2914.0,16056250.0,68.0464620009,
2016-05-24,2755.31957399,421,404180.0,3.5e-05,3801.0,16168750.0,3762.257344,
2016-05-25,1224.47433774,624,356403.0,3.1e-05,6687.0,16200000.0,34311.32118,
2016-05-26,966.879078993,689,258170.0,2.3e-05,2644.0,16406250.0,95.9244050003,
2016-05-27,1390.45614102,780,312364.0,2.7e-05,2123.0,16162500.0,103.752140002,
2016-05-28,1211.93355263,434,323332.0,2.8e-05,2397.0,16093750.0,67.2692300001,
2016-05-29,2664.75030211,529,365220.0,3.2e-05,2995.0,16275000.0,5559.429041,
2016-05-30,739.774470147,416,305490.0,2.6e-05,1072.0,15937500.0,9023.140634,
2016-05-31,3182.24678651,637,308152.0,2.7e-05,1990.0,15450000.0,85.342878995,
2016-06-01,712.740958625,697,307134.0,2.7e-05,1483.0,14431250.0,97.4429149997,
2016-06-02,552.420250359,543,310402.0,2.7e-05,2125.0,14450000.0,75.3441309999,
2016-06-03,690.204146614,583,311717.0,2.7e-05,614.0,15893750.0,82.8293470006,
2016-06-04,667.756931561,562,331900.0,2.9e-05,895.0,13412500.0,77.2388439996,
2016-06-05,814.079420565,603,331276.0,2.9e-05,433.0,12868750.0,81.5188529999,
2016-06-06,3079.5444997,422,323278.0,2.8e-05,994.0,12768750.0,28516.298454,
2016-06-07,2229.40632274,416,340796.0,2.9e-05,1449.0,12868750.0,58.7665199941,
2016-06-08,547.560417861,427,272151.0,2.3e-05,667.0,13062500.0,64.1171970007,
2016-06-09,511.264904456,594,280880.0,2.4e-05,908.0,12968750.0,77.9274740001,
2016-06-10,5096.88521064,608,268524.0,2.3e-05,1194.0,14668750.0,85.7384769894,
2016-06-11,736.722831176,561,270190.0,2.3e-05,5223.0,12968750.0,23421.62264,
2016-06-12,1576.0453721,383,324225.0,2.8e-05,3379.0,13375000.0,60.0611330008,
2016-06-13,415.607755182,450,237550.0,2e-05,2399.0,14975000.0,63.6665090009,
2016-06-14,374.083954023,460,249179.0,2.1e-05,2725.0,12918750.0,61.1177489998,
2016-06-15,357.564662129,543,243464.0,2.1e-05,187.0,12918750.0,67.7915950005,
2016-06-16,651.977465155,448,326909.0,2.8e-05,1786.0,12818750.0,77.7732479993,
2016-06-17,613.725936745,499,281874.0,2.4e-05,4448.0,13337500.0,64.6165560003,
2016-06-18,525.032215094,439,264900.0,2.2e-05,566.0,14868750.0,74.5637729995,
2016-06-19,658.406524022,392,267825.0,2.3e-05,881.0,15331250.0,60.2361590006,
2016-06-20,2408.39810332,394,270851.0,2.3e-05,1287.0,13806250.0,9217.52558,
2016-06-21,444.107550629,386,261531.0,2.2e-05,616.0,13125000.0,111497.245607,
2016-06-22,5292.54186316,404,235930.0,2e-05,1341.0,13956250.0,19639.828888,
2016-06-23,545.405970289,251,212124.0,1.8e-05,1720.0,12943750.0,38.6473239973,
2016-06-24,1171.60180238,372,296365.0,2.5e-05,1490.0,13100000.0,69.4992109974,
2016-06-25,527.282212511,484,253647.0,2.1e-05,705.0,13362500.0,52423.382868,
2016-06-26,819.453735176,448,311106.0,2.6e-05,527.0,12418750.0,60.6457500022,
2016-06-27,843.311908701,486,308687.0,2.6e-05,2852.0,14606250.0,79.5076099986,
2016-06-28,1950.11694077,408,310891.0,2.6e-05,1887.0,13537500.0,40888.26148,
2016-06-29,563.575525905,375,308572.0,2.6e-05,2321.0,13175000.0,15931.556384,
2016-06-30,1117.53219374,409,305683.0,2.6e-05,5061.0,13462500.0,8881.961976,
2016-07-01,1066.68668081,410,403587.0,3.4e-05,1939.0,13831250.0,5504.284276,
2016-07-02,3420.98296618,603,483254.0,4e-05,6136.0,14256250.0,1239.872898,
2016-07-03,653.147960419,531,339638.0,2.8e-05,1737.0,14368750.0,75.5720169999,
2016-07-04,929.722136927,523,398853.0,3.3e-05,2230.0,14418750.0,2532.280465,
2016-07-05,864.39131518,476,410381.0,3.4e-05,969.0,15900000.0,1406.837652,
2016-07-06,914.754159232,564,409261.0,3.4e-05,2661.0,15731250.0,8493.102989,
2016-07-07,750.732140014,490,407321.0,3.4e-05,640.0,15337500.0,7725.178414,
2016-07-08,667.54643039,550,384188.0,3.2e-05,509.0,15131250.0,1306.943522,
2016-07-09,472.292488716,448,327326.0,2.7e-05,594.0,14125000.0,5118.694555,
2016-07-10,658.324201501,435,386494.0,3.2e-05,232.0,13750000.0,8458.930515,
2016-07-11,649.726484063,540,381657.0,3.2e-05,915.0,14368750.0,6460.155127,
2016-07-12,459.60580474,823,314448.0,2.6e-05,877.0,14737500.0,3633.345659,
2016-07-13,5037.27552938,671,328591.0,2.7e-05,5088.0,14481250.0,6550.47035101,
2016-07-14,5635.59015386,613,318732.0,2.6e-05,998.0,13693750.0,4103.35927002,
2016-07-15,440.052107964,441,318209.0,2.6e-05,915.0,13043750.0,3448.248501,
2016-07-16,455.589630367,495,325887.0,2.7e-05,400.0,13018750.0,3292.182381,
2016-07-17,370.112798523,502,319787.0,2.6e-05,1111.0,13431250.0,7569.764859,
2016-07-18,430.032841193,471,336788.0,2.8e-05,636.0,13181250.0,64.8832280001,
2016-07-19,518.270148474,480,323913.0,2.6e-05,1447.0,13368750.0,6787.702383,
2016-07-20,327.727884794,450,255630.0,2.1e-05,1105.0,12234375.0,4377.148735,
2016-07-21,310.669846266,462,328189.0,2.7e-05,298.0,6496875.0,57.7404699998,
2016-07-22,285.952580606,355,274558.0,2.2e-05,1695.0,6478125.0,4740.420738,
2016-07-23,317.663039202,388,397956.0,3.2e-05,177.0,6325000.0,52.4872819999,
2016-07-24,395.986781887,442,321689.0,2.6e-05,1225.0,7200000.0,3084.102649,
2016-07-25,193.466848113,382,325605.0,2.7e-05,247.0,6243750.0,2361.663429,
2016-07-26,353.154766555,454,321543.0,2.6e-05,982.0,7828125.0,60.0823299997,
2016-07-27,309.573555937,462,316670.0,2.6e-05,342.0,7715625.0,1935.90778,
2016-07-28,292.540545424,472,322626.0,2.6e-05,1274.0,7484375.0,3905.567495,
2016-07-29,423.974894728,499,322177.0,2.6e-05,645.0,7718750.0,3326.825117,
2016-07-30,1804.9635732,394,321548.0,2.6e-05,408.0,5875000.0,56.6032510001,
2016-07-31,438.76343369,419,325186.0,2.6e-05,1805.0,6590625.0,3047.305567,
2016-08-01,346.057469366,434,231296.0,1.9e-05,552.0,6365625.0,62.5015379993,
2016-08-02,139.514149854,406,236098.0,1.9e-05,384.0,6309375.0,2364.358863,
2016-08-03,121.426856806,430,207668.0,1.7e-05,237.0,6456250.0,59.0635349999,
2016-08-04,1224.52600052,439,222823.0,1.8e-05,923.0,6453125.0,6059.031726,
2016-08-05,825.987373952,449,276235.0,2.2e-05,926.0,6368750.0,60.3248650015,
2016-08-06,203.55289131,364,231712.0,1.9e-05,177.0,6400000.0,53.870402,
2016-08-07,687.487790789,284,250225.0,2e-05,1313.0,6378125.0,43709.289104,
2016-08-08,1189.57485161,259,234890.0,1.9e-05,430.0,6196875.0,15997.629325,
2016-08-09,231.117913362,296,251670.0,2e-05,314.0,6406250.0,44.0773699998,
2016-08-10,124.068421956,253,226585.0,1.8e-05,579.0,6418750.0,10622.257356,
2016-08-11,218.654008841,265,260599.0,2.1e-05,815.0,6393750.0,38.6238620003,
2016-08-12,194.898826038,301,225177.0,1.8e-05,272.0,6462500.0,4268.009916,
2016-08-13,136.04351588,226,245732.0,2e-05,1266.0,6431250.0,35.198381,
2016-08-14,118.220784961,313,220091.0,1.8e-05,252.0,6462500.0,42.5785580001,
2016-08-15,344.080315831,346,215489.0,1.7e-05,251.0,6500000.0,5869.571648,
2016-08-16,451.927609051,363,219274.0,1.8e-05,4586.0,6506250.0,6028.695258,
2016-08-17,2143.51023252,378,215670.0,1.7e-05,951.0,7125000.0,59.5054249966,
2016-08-18,166.392618729,306,226536.0,1.8e-05,2278.0,6684375.0,42608.920555,
2016-08-19,1185.33954679,233,285846.0,2.3e-05,899.0,5459375.0,41.1454789978,
2016-08-20,113.079594319,225,224764.0,1.8e-05,466.0,4859375.0,33.932488,
2016-08-21,179.68080566,237,289759.0,2.3e-05,523.0,5525000.0,5072.266776,
2016-08-22,232.108885531,273,289448.0,2.3e-05,472.0,6321875.0,41.1446549997,
2016-08-23,187.239161678,271,222636.0,1.8e-05,293.0,6415625.0,44550.217588,
2016-08-24,263.290439406,269,221808.0,1.8e-05,197.0,6250000.0,32934.965964,
2016-08-25,130.653484166,286,218960.0,1.8e-05,91.0,5659375.0,6300.604152,
2016-08-26,98.5217967969,227,220054.0,1.8e-05,46.0,4871875.0,33.2438060001,
2016-08-27,107.411199022,207,219250.0,1.8e-05,101.0,5159375.0,1217.970628,
2016-08-28,130.589739049,292,215468.0,1.7e-05,365.0,5096875.0,40.056033,
2016-08-29,680.475212876,250,216950.0,1.7e-05,948.0,5831250.0,5477.796439,
2016-08-30,243.42883691,244,286127.0,2.3e-05,830.0,5553125.0,48.2073529992,
2016-08-31,152.026583921,204,316463.0,2.5e-05,738.0,4868750.0,33.085904,
2016-09-01,220.892108921,265,258054.0,2.1e-05,887.0,5909375.0,39.1830800001,
2016-09-02,125.293879541,256,220050.0,1.8e-05,266.0,6225000.0,915.535088,
2016-09-03,210.855748019,385,249103.0,2e-05,83.0,6096875.0,50.7665020001,
2016-09-04,146.062902656,280,225500.0,1.8e-05,213.0,6090625.0,954.901001,
2016-09-05,2203.4878671,465,234375.0,1.9e-05,1645.0,6325000.0,5220.607317,
2016-09-06,170.677448091,288,228498.0,1.8e-05,532.0,6075000.0,4015.667968,
2016-09-07,124.753122354,268,241437.0,1.9e-05,606.0,6368750.0,1080.121909,
2016-09-08,184.694078661,247,306928.0,2.4e-05,69.0,6250000.0,2818.630597,
2016-09-09,94.7182644025,219,263242.0,2.1e-05,195.0,5628125.0,32.0898479999,
2016-09-10,293.284687496,263,245009.0,1.9e-05,412.0,6406250.0,4107.645853,
2016-09-11,889.398717376,320,312068.0,2.5e-05,700.0,6421875.0,8862.468771,
2016-09-12,247.572305635,274,378243.0,3e-05,178.0,6378125.0,934.080864,
2016-09-13,161.136326889,316,302260.0,2.4e-05,253.0,6412500.0,1821.451869,
2016-09-14,283.845883997,294,304712.0,2.4e-05,694.0,6475000.0,3150.094518,
2016-09-15,572.786660097,353,307724.0,2.4e-05,719.0,6693750.0,933.966391001,
2016-09-16,1243.76745922,377,264553.0,2.1e-05,9072.0,6837500.0,3562.917234,
2016-09-17,1661.70271526,371,384118.0,3e-05,3680.0,6593750.0,461.899883999,
2016-09-18,8774.34260416,350,531641.0,4.2e-05,1874.0,6728125.0,991.136585002,
2016-09-19,1170.16261138,366,386361.0,3.1e-05,3695.0,7378125.0,61.9304130021,
2016-09-20,902.349166131,403,384508.0,3e-05,3200.0,8000000.0,867.675666999,
2016-09-21,822.883184099,428,310087.0,2.5e-05,1558.0,8012500.0,2568.918791,
2016-09-22,267.688130491,394,302206.0,2.4e-05,1446.0,8046875.0,3006.379987,
2016-09-23,303.467477575,435,376134.0,3e-05,665.0,7918750.0,1868.119034,
2016-09-24,276.071494709,440,380386.0,3e-05,353.0,7890625.0,2035.434708,
2016-09-25,793.551824814,411,305628.0,2.4e-05,355.0,7715625.0,58.6259659999,
2016-09-26,244.139981751,476,304825.0,2.4e-05,138.0,7984375.0,63.9738480001,
2016-09-27,212.311204206,415,308680.0,2.4e-05,1276.0,7762500.0,905.922514,
2016-09-28,319.53490942,344,307915.0,2.4e-05,521.0,7903125.0,3004.750257,
2016-09-29,1733.2571606,375,370838.0,2.9e-05,974.0,8006250.0,2006.176065,
2016-09-30,330.944230826,408,308063.0,2.4e-05,722.0,8081250.0,15463.933321,
2016-10-01,2595.25033499,455,310315.0,2.4e-05,2089.0,8071875.0,65.0339120005,
2016-10-02,30852.287307,354,312552.0,2.5e-05,488.0,7993750.0,53.6512802141,
2016-10-03,1962.59865468,518,310538.0,2.4e-05,453.0,8000000.0,1049.500603,
2016-10-04,733.155019284,575,311514.0,2.4e-05,305.0,7903125.0,1052.407763,
2016-10-05,331.449065033,383,305401.0,2.4e-05,269.0,7559375.0,52.9819269998,
2016-10-06,228.645875202,421,315323.0,2.5e-05,1426.0,7353125.0,938.13695,
2016-10-07,163.194716881,388,313136.0,2.5e-05,235.0,6043275.0,53.376056,
2016-10-08,298.84203048,465,317591.0,2.5e-05,627.0,3953040.0,940.692501001,
2016-10-09,139.148676546,400,316497.0,2.5e-05,635.0,3781440.0,55.168993,
2016-10-10,118.852269445,363,315383.0,2.5e-05,1691.0,3715920.0,51.291204,
2016-10-11,114.491123936,399,316514.0,2.5e-05,523.0,3937440.0,1295.031684,
2016-10-12,124.737943899,460,327906.0,2.6e-05,1993.0,3887520.0,65.701382,
2016-10-13,96.3630745967,633,245065.0,1.9e-05,389.0,3875040.0,1459.777889,
2016-10-14,602.743689898,419,325334.0,2.5e-05,153.0,3692520.0,59.4018739999,
2016-10-15,24101.653847,374,250227.0,2e-05,610.0,3800160.0,10974.5699639,
2016-10-16,375.297891401,348,326819.0,2.6e-05,2180.0,3717480.0,47.2983070005,
2016-10-17,440.40907866,426,328362.0,2.6e-05,698.0,3650400.0,57.1137449999,
2016-10-18,897.163827285,366,326340.0,2.6e-05,1732.0,3709680.0,52.0803940012,
2016-10-19,466.339991453,472,326423.0,2.6e-05,315.0,3856320.0,96.3332410011,
2016-10-20,542.104734918,416,321583.0,2.5e-05,1096.0,3561480.0,59.7708460007,
2016-10-21,130.501923546,441,304412.0,2.4e-05,1292.0,3822000.0,60.4678290001,
2016-10-22,247.975695625,381,325129.0,2.5e-05,464.0,3765840.0,61.0690469995,
2016-10-23,1038.50146503,395,342688.0,2.7e-05,1092.0,3676920.0,56.026462006,
2016-10-24,203.372462551,378,336279.0,2.6e-05,971.0,3853200.0,52.5707939999,
2016-10-25,122.679023428,362,334554.0,2.6e-05,2629.0,3776760.0,3455.242495,
2016-10-26,390.197266419,411,336513.0,2.6e-05,462.0,3836040.0,56.4051379997,
2016-10-27,25227.5698609,442,283797.0,2.2e-05,2596.0,3942120.0,68.5757691381,
2016-10-28,195.024190836,395,265208.0,2.1e-05,339.0,3873480.0,54.6219350005,
2016-10-29,883.399599083,392,264690.0,2.1e-05,460.0,3923400.0,63.4479299989,
2016-10-30,1619.53955173,419,293725.0,2.3e-05,602.0,3811080.0,62.6369200058,
2016-10-31,306.503689094,525,269378.0,2.1e-05,653.0,4024800.0,69.056281,
2016-11-01,418.069203736,570,322376.0,2.5e-05,178.0,3909360.0,4789.66862,
2016-11-02,636.554014635,503,280098.0,2.2e-05,497.0,3413280.0,63.8540649999,
2016-11-03,340.962489228,444,333834.0,2.6e-05,473.0,3642600.0,5800.995881,
2016-11-04,194.423003693,387,265306.0,2.1e-05,154.0,3845400.0,57.0732590001,
2016-11-05,309.783882167,487,271187.0,2.1e-05,289.0,3814200.0,5937.566389,
2016-11-06,390.182873242,538,270073.0,2.1e-05,1445.0,3737760.0,70.8872120002,
2016-11-07,1465.31167889,487,363832.0,2.8e-05,337.0,3520920.0,68.7337150005,
2016-11-08,322.118780773,498,269864.0,2.1e-05,60.0,3748680.0,66.8548520001,
2016-11-09,422.208172277,419,272547.0,2.1e-05,553.0,3524040.0,59.4704489997,
2016-11-10,325.574215025,430,278395.0,2.2e-05,718.0,3274440.0,57.4986420002,
2016-11-11,381.003324365,476,274624.0,2.1e-05,594.0,3403920.0,63.9886710001,
2016-11-12,687.995455442,466,274961.0,2.1e-05,170.0,3366480.0,64.8567299996,
2016-11-13,807.030813264,463,327930.0,2.6e-05,365.0,3598920.0,66.0439120001,
2016-11-14,1014.30986729,509,317476.0,2.5e-05,639.0,3683160.0,41780.095949,
2016-11-15,3432.80636787,673,270589.0,2.1e-05,129.0,3461640.0,269.834543995,
2016-11-16,363.361294677,608,272949.0,2.1e-05,2867.0,3355560.0,77.334292,
2016-11-17,479.30316868,602,285624.0,2.2e-05,935.0,3269760.0,78.7810139997,
2016-11-18,388.33927233,686,284571.0,2.2e-05,499.0,3230760.0,84.7507780002,
2016-11-19,474.556157151,727,289762.0,2.3e-05,281.0,3268200.0,88.1650560002,
2016-11-20,468.23392055,752,297744.0,2.3e-05,117.0,3219840.0,8639.239049,
2016-11-21,307.912574587,516,282219.0,2.2e-05,299.0,3357120.0,67.8254060002,
2016-11-22,364.472323018,527,283726.0,2.2e-05,198.0,3536520.0,65.1660660005,
2016-11-23,315.292101275,484,288370.0,2.3e-05,465.0,3335280.0,62.386003,
2016-11-24,285.160063662,512,285778.0,2.2e-05,1851.0,3380520.0,70.6690319999,
2016-11-25,234.028338343,451,284108.0,2.2e-05,409.0,3299400.0,120.929116,
2016-11-26,1143.99157131,462,284621.0,2.2e-05,922.0,3291600.0,8614.04285,
2016-11-27,1155.51615872,508,284479.0,2.2e-05,292.0,3494400.0,83.7635999933,
2016-11-28,198.058661608,399,280959.0,2.2e-05,173.0,3290040.0,62.5581049999,
2016-11-29,157.890447856,349,199752.0,1.6e-05,301.0,3237000.0,47.6336120003,
2016-11-30,211.125166492,394,282327.0,2.2e-05,674.0,3174600.0,71.9692300002,
2016-12-01,161.308660934,446,286200.0,2.2e-05,215.0,3315000.0,63.1618990004,
2016-12-02,187.04339487,511,290760.0,2.3e-05,460.0,3372720.0,72.0434550002,
2016-12-03,129.485993365,486,200278.0,1.6e-05,218.0,3240120.0,4709.766413,
2016-12-04,790.109446814,580,292038.0,2.3e-05,290.0,3251040.0,82.0364779982,
2016-12-05,464.495320211,567,198010.0,1.5e-05,94.0,3255720.0,76.1337709982,
2016-12-06,69.8258698843,494,197490.0,1.5e-05,271.0,3208920.0,65.3846940002,
2016-12-07,90.3815737994,549,195542.0,1.5e-05,30.0,3286920.0,73.3192990001,
2016-12-08,96.9183836262,474,238004.0,1.9e-05,254.0,3208920.0,73.5769510002,
2016-12-09,2319.97007634,385,209850.0,1.6e-05,1758.0,3265080.0,5189.86074199,
2016-12-10,29941.8156946,381,198168.0,1.5e-05,824.0,3343080.0,55.5930239286,
2016-12-11,179.655951776,362,296790.0,2.3e-05,241.0,3296280.0,55.465788,
2016-12-12,104.931164129,353,294810.0,2.3e-05,257.0,3201120.0,55.5697420002,
2016-12-13,60.2834146791,434,201414.0,1.6e-05,98.0,3361800.0,58.8330600003,
2016-12-14,98.7719815398,350,216848.0,1.7e-05,110.0,3180840.0,54.6750720004,
2016-12-15,625.963642877,361,295280.0,2.3e-05,569.0,3336840.0,55.2998339984,
2016-12-16,841.180608699,537,298633.0,2.3e-05,183.0,3388320.0,72.1278000001,
2016-12-17,331.172013751,551,205354.0,1.6e-05,224.0,3407040.0,70.4354669999,
2016-12-18,1085.22399748,443,306251.0,2.4e-05,608.0,3294720.0,79.6297610085,
2016-12-19,285.483826634,463,202435.0,1.6e-05,24.0,3300960.0,56.2245279999,
2016-12-20,342.849432586,448,208839.0,1.6e-05,37.0,3215160.0,71.8431800001,
2016-12-21,860.82588668,631,204919.0,1.6e-05,865.0,3307200.0,86.4942989999,
2016-12-22,640.757181991,726,213467.0,1.7e-05,64.0,3430440.0,5748.950682,
2016-12-23,309.668505908,527,224244.0,1.8e-05,244.0,3274440.0,72.0502709999,
2016-12-24,316.027398513,638,236019.0,1.8e-05,110.0,3520920.0,13184.123297,
2016-12-25,312.470924546,524,232169.0,1.8e-05,68.0,3436680.0,74.4619690001,
2016-12-26,845.892004508,520,273194.0,2.1e-05,133.0,3466320.0,72.0009420014,
2016-12-27,581.502063462,406,237539.0,1.9e-05,275.0,3779880.0,57.9129180012,
2016-12-28,113.740633121,383,238777.0,1.9e-05,301.0,3714360.0,61.0202000001,
2016-12-29,177.123173227,449,252209.0,2e-05,222.0,3758040.0,14093.584807,
2016-12-30,645.405705333,580,249087.0,1.9e-05,303.0,3734640.0,76.7875869982,
2016-12-31,406.530404419,575,246945.0,1.9e-05,21.0,3708120.0,74.6927690001,
2017-01-01,466.130880921,518,246813.0,1.9e-05,297.0,3609840.0,6944.754433,
2017-01-02,636.920292122,657,283254.0,2.2e-05,773.0,3655080.0,95.0864519999,
2017-01-03,402.142088775,571,270343.0,2.1e-05,207.0,3845400.0,78.0359350002,
2017-01-04,432.324341586,590,267087.0,2.1e-05,293.0,3914040.0,100.294915999,
2017-01-05,338.270414672,545,295460.0,2.3e-05,174.0,4001400.0,75.3211800003,
2017-01-06,478.439025075,510,259293.0,2e-05,202.0,3987360.0,66.3677229998,
2017-01-07,311.307167031,602,285384.0,2.2e-05,1361.0,3556800.0,77.3673680002,
2017-01-08,573.035524705,601,233909.0,1.8e-05,60.0,3244800.0,551.51639,
2017-01-09,239.501261367,439,233148.0,1.8e-05,385.0,3218280.0,1162.575236,
2017-01-10,227.090386875,512,231006.0,1.8e-05,83.0,3227640.0,68.1122310002,
2017-01-11,187.136412196,485,232247.0,1.8e-05,583.0,3563040.0,66.9016590003,
2017-01-12,210.946132213,491,199004.0,1.6e-05,82.0,3252600.0,67.116101,
2017-01-13,174.174951964,452,205933.0,1.6e-05,42.0,3299400.0,68.2578590002,
2017-01-14,168.380955933,492,210832.0,1.6e-05,119.0,3243240.0,69.5013970004,
2017-01-15,196.641082808,509,209406.0,1.6e-05,217.0,3205800.0,69.8878739997,
2017-01-16,322.961440832,580,212125.0,1.7e-05,349.0,3251040.0,78.1282079997,
2017-01-17,483.508494177,614,213005.0,1.7e-05,212.0,3488160.0,77.7965360002,
2017-01-18,166.835368895,582,245082.0,1.9e-05,70.0,3442920.0,77.7663390004,
2017-01-19,552.892279296,383,227502.0,1.8e-05,3820.0,3374280.0,57.8425100011,
2017-01-20,887.091433693,376,234674.0,1.8e-05,86.0,3246360.0,56.0816760014,
2017-01-21,116.933538222,646,233596.0,1.8e-05,500.0,3382080.0,82.4131870003,
2017-01-22,103.642390048,361,235932.0,1.8e-05,809.0,3322800.0,53.8096300002,
2017-01-23,570.3786677,388,236895.0,1.9e-05,5085.0,3261960.0,60.3471000013,
2017-01-24,1414.12387714,487,353288.0,2.8e-05,1143.0,3549000.0,151.723695999,
2017-01-25,498.864604876,537,318694.0,2.5e-05,917.0,2954640.0,64.7207249997,
2017-01-26,65.1337955051,370,230781.0,1.8e-05,685.0,2840760.0,51.5413090002,
2017-01-27,822.049842821,434,347166.0,2.7e-05,229.0,2910960.0,59.3565839992,
2017-01-28,364.529680078,394,248536.0,1.9e-05,2371.0,2948400.0,54.841426999,
2017-01-29,323.693146159,364,246765.0,1.9e-05,304.0,3004560.0,50.6268569999,
2017-01-30,77.1281403524,319,244890.0,1.9e-05,1241.0,3062280.0,45.0389889999,
2017-01-31,84.338739172,388,348133.0,2.7e-05,1517.0,2973360.0,49.9917000001,
2017-02-01,925.1103923,346,371810.0,2.9e-05,989.0,3026400.0,50.2526710001,
2017-02-02,297.634563797,395,253565.0,2e-05,2360.0,3073200.0,53.1780450012,
2017-02-03,122.994598592,367,386786.0,3e-05,1334.0,3219840.0,51.738461,
2017-02-04,383.740815493,370,391254.0,3.1e-05,55.0,3333720.0,52.7596189979,
2017-02-05,90.6443874165,384,269269.0,2.1e-05,102.0,3316560.0,51.447578,
2017-02-06,222.081559252,401,263136.0,2.1e-05,424.0,3129360.0,54.9402369996,
2017-02-07,140.769541127,372,266140.0,2.1e-05,1384.0,3157440.0,50.9515890001,
2017-02-08,109.268583987,319,282840.0,2.2e-05,386.0,3102840.0,51.5057060002,
2017-02-09,365.878678309,439,272721.0,2.1e-05,320.0,3544320.0,101.061911999,
2017-02-10,404.69004495,376,254751.0,2e-05,280.0,3307200.0,52.3538680014,
2017-02-11,1271.42832686,441,376265.0,2.9e-05,531.0,3403920.0,57.583915001,
2017-02-12,101.314136623,429,279595.0,2.2e-05,398.0,3249480.0,58.0089860001,
2017-02-13,691.846110305,414,256981.0,2e-05,4367.0,3536520.0,61.0913240024,
2017-02-14,668.891754695,354,253755.0,2e-05,84.0,3290040.0,52.2351949989,
2017-02-15,310.985205302,366,284412.0,2.2e-05,61.0,3280680.0,81.8182990008,
2017-02-16,107.357549025,319,265558.0,2.1e-05,136.0,3199560.0,51.3519700001,
2017-02-17,2956.65900768,367,279888.0,2.2e-05,75.0,3213600.0,948.525512001,
2017-02-18,1135.83056257,389,316835.0,2.5e-05,883.0,3319680.0,56.605639003,
2017-02-19,71.767711946,309,277790.0,2.2e-05,321.0,3073200.0,43.723042,
2017-02-20,215.379273263,354,283732.0,2.2e-05,63.0,3247920.0,54.0656949991,
2017-02-21,75.6290560291,308,285522.0,2.2e-05,367.0,2990520.0,45.856057,
2017-02-22,92.6002374044,376,285243.0,2.2e-05,280.0,3222960.0,51.4136300001,
2017-02-23,84.8439930167,373,285875.0,2.2e-05,58.0,3378960.0,56.828973,
2017-02-24,177.932879231,306,314010.0,2.5e-05,456.0,3383640.0,48.6117309999,
2017-02-25,125.878328745,405,300684.0,2.4e-05,589.0,3661320.0,673.86935,
2017-02-26,162.161231705,343,304681.0,2.4e-05,370.0,3456960.0,48.9976580002,
2017-02-27,94.8294448246,350,297776.0,2.3e-05,189.0,3534960.0,48.9432580001,
2017-02-28,188.502025812,277,302110.0,2.4e-05,425.0,3222960.0,44.4897510003,
2017-03-01,46.9722616195,354,153386.0,1.2e-05,873.0,3135600.0,51.4036539999,
2017-03-02,294.526822819,346,314109.0,2.5e-05,935.0,3232320.0,54.4319719996,
2017-03-03,63.6614284283,311,162686.0,1.3e-05,869.0,3251040.0,4194.039862,
2017-03-04,373.832972473,370,329446.0,2.6e-05,332.0,3533400.0,54.9484199996,
2017-03-05,85.5137787455,462,167029.0,1.3e-05,432.0,3385200.0,568.810979,
2017-03-06,359.613285077,266,324450.0,2.5e-05,155.0,3296280.0,66.1344460002,
2017-03-07,158.350083417,243,325815.0,2.5e-05,192.0,3414840.0,2012.986546,
2017-03-08,85.920490866,248,312987.0,2.4e-05,37.0,3577080.0,39.0121240002,
2017-03-09,55.9945921292,322,161766.0,1.3e-05,85.0,3513120.0,406.507238,
2017-03-10,108.501490112,317,304321.0,2.4e-05,631.0,3304080.0,254.833299,
2017-03-11,311.279844558,288,190322.0,1.5e-05,59.0,3062280.0,40.5370340011,
2017-03-12,139.279123847,296,301061.0,2.4e-05,297.0,3138720.0,835.119481,
2017-03-13,1407.72237899,372,390260.0,3.1e-05,683.0,3313440.0,932.550028997,
2017-03-14,88.4717848521,355,311118.0,2.4e-05,1111.0,3544320.0,48.783072,
2017-03-15,216.047411819,356,314699.0,2.5e-05,528.0,3341520.0,47.0726399995,
2017-03-16,184.772462679,292,363351.0,2.8e-05,126.0,3060720.0,40.1547779999,
2017-03-17,92.2018017137,252,342644.0,2.7e-05,449.0,2934360.0,245.147973,
2017-03-18,43370.9887056,404,280114.0,2.2e-05,697.0,2940600.0,60.532110929,
2017-03-19,556.306327361,312,317083.0,2.5e-05,839.0,3038880.0,41.5297610008,
2017-03-20,1881.23675877,218,265266.0,2.1e-05,748.0,3043560.0,39.2514149989,
2017-03-21,495.655693029,363,270034.0,2.1e-05,824.0,2970240.0,50.6056939996,
2017-03-22,60.9761704674,264,148096.0,1.2e-05,2983.0,2769000.0,725.709481001,
2017-03-23,87.346970426,224,399839.0,3.1e-05,2517.0,2881320.0,241.62733,
2017-03-24,181.365971874,222,393481.0,3.1e-05,1567.0,2951520.0,33.0704660005,
2017-03-25,58.8349318219,275,240132.0,1.9e-05,3310.0,2895360.0,40.5729500001,
2017-03-26,687.353922552,206,372867.0,2.9e-05,1524.0,3159000.0,101.719592998,
2017-03-27,121.301145536,248,369645.0,2.9e-05,1982.0,3237000.0,39.4082919998,
2017-03-28,199.516508664,219,396147.0,3.1e-05,10556.0,3233880.0,36.6860490001,
2017-03-29,80183.2330035,281,401401.0,3.1e-05,33895.0,3173040.0,67.0811520785,
2017-03-30,7778.29039161,208,639471.0,5e-05,13082.0,2792400.0,47.9998780105,
2017-03-31,202.097722195,153,524939.0,4.1e-05,8038.0,3531840.0,29.8847860002,
2017-04-01,228.214237473,263,547029.0,4.3e-05,2805.0,3712800.0,47.0685810001,
2017-04-02,1394.61097423,266,684551.0,5.4e-05,3778.0,3324360.0,816.637345001,
2017-04-03,1696.16415234,243,565676.0,4.4e-05,9091.0,3247920.0,45.0940109997,
2017-04-04,465.175507256,251,587608.0,4.6e-05,5269.0,3048240.0,69.4153849989,
2017-04-05,695.59061586,253,579499.0,4.5e-05,3508.0,3152760.0,73.7092419997,
2017-04-06,906.129126613,244,575903.0,4.5e-05,5709.0,3065400.0,37.5331200014,
2017-04-07,600.213496311,209,752932.0,5.9e-05,2566.0,3210480.0,38.1917779995,
2017-04-08,1415.95161332,296,601052.0,4.7e-05,1570.0,3274440.0,49.5543339986,
2017-04-09,27395.599164,293,600216.0,4.7e-05,4320.0,3369600.0,4370.12101302,
2017-04-10,196.379014578,313,607283.0,4.7e-05,4472.0,3430440.0,48.4958430001,
2017-04-11,2731.4072206,285,607681.0,4.7e-05,12849.0,3263520.0,71.3612909997,
2017-04-12,405.201235349,239,769853.0,6e-05,8396.0,3230760.0,49.216513,
2017-04-13,29219.1341425,250,803962.0,6e-05,4002.0,3505320.0,7020.35529002,
2017-04-14,1811.28866243,346,627748.0,4.7e-05,38835.0,3411720.0,20895.695395,
2017-04-15,14429.8001574,350,1087450.0,8.1e-05,64472.0,3432000.0,5137.78475401,
2017-04-16,27089.7473063,434,1547430.0,0.000115,190486.0,3436680.0,2098.982862,
2017-04-17,124236.039215,329,1739180.0,0.00013,93560.0,3249480.0,56.3445049825,
2017-04-18,9902.10107742,285,1444560.0,0.000108,45348.0,3109080.0,46.9994859955,
2017-04-19,1097.79996194,243,1305800.0,9.7e-05,53864.0,3268200.0,42.7877759996,
2017-04-20,1634.21831712,274,1459020.0,0.000109,36772.0,3460080.0,8746.7319,
2017-04-21,3725.97621285,376,1172260.0,8.7e-05,22923.0,3564600.0,17246.419997,
2017-04-22,1344.60032079,421,986348.0,7.4e-05,27041.0,3424200.0,3909.280734,
2017-04-23,1003.1848961,432,1156360.0,8.6e-05,22293.0,3672240.0,60.0718760001,
2017-04-24,799.707477802,364,1297280.0,9.7e-05,14162.0,3294720.0,64.079339,
2017-04-25,3948.86286804,291,1328240.0,9.9e-05,16737.0,3485040.0,50.2875229997,
2017-04-26,1446.54963985,309,1190790.0,8.9e-05,8116.0,3528720.0,10604.018758,
2017-04-27,649.711811215,404,1199870.0,8.9e-05,10695.0,3397680.0,64.4843579998,
2017-04-28,529.71894643,454,1062070.0,7.9e-05,5968.0,3861000.0,68.1726439997,
2017-04-29,926.484285826,408,1228670.0,9.2e-05,11141.0,3753360.0,61.9394259993,
2017-04-30,4778.71065648,327,1063510.0,7.9e-05,16459.0,3141840.0,6485.793855,
2017-05-01,1639.9202381,237,1086550.0,8.1e-05,9894.0,3052920.0,38.5542829996,
2017-05-02,37194.7889898,269,959990.0,7.2e-05,12046.0,3237000.0,17888.93713,
2017-05-03,38845.5512166,295,1171800.0,8.7e-05,13225.0,3369600.0,49.7142389889,
2017-05-04,7106.80604635,305,1010160.0,7.5e-05,27851.0,3252600.0,9088.91202602,
2017-05-05,3110.79080903,286,1029780.0,7.7e-05,29354.0,3416400.0,49.4171420075,
2017-05-06,1307.83206703,338,1043520.0,7.8e-05,10393.0,3572400.0,55.6157770001,
2017-05-07,2710.09099078,320,1068780.0,8e-05,16508.0,3946800.0,12843.132731,
2017-05-08,26304.6814911,353,1071100.0,8e-05,14375.0,3569280.0,26002.503846,
2017-05-09,7623.86493108,392,1372810.0,0.000102,13946.0,3360240.0,62.7168370057,
2017-05-10,7732.31055786,504,1179190.0,8.8e-05,56012.0,3414840.0,13137.748741,
2017-05-11,28013.1807589,746,1416870.0,0.000106,106379.0,3411720.0,13838.454359,
2017-05-12,15629.9562178,643,1963620.0,0.000146,91463.0,3655080.0,10401.84927,
2017-05-13,15503.204618,521,1823470.0,0.000136,33434.0,2781480.0,5632.021025,
2017-05-14,9467.3831495,498,1673540.0,0.000125,17914.0,3247920.0,8092.938917,
2017-05-15,8654.31282656,646,2156810.0,0.000161,23049.0,3388320.0,1928.965831,
2017-05-16,22455.7163811,598,1871060.0,0.00014,30949.0,3274440.0,81.175217995,
2017-05-17,11718.300635,548,1865150.0,0.000139,68910.0,3212040.0,8558.028004,
2017-05-18,70144.6029035,932,2181100.0,0.000163,545512.0,3194880.0,4635.88859401,
2017-05-19,107478.482893,1481,3287510.0,0.000245,1446320.0,3327480.0,2899.05036502,
2017-05-20,93500.061147,1387,5257290.0,0.000392,491970.0,3893760.0,2154.971866,
2017-05-21,149825.609311,1723,4936910.0,0.000368,2587680.0,3943680.0,921.982483001,
2017-05-22,849539.153829,2426,12837800.0,0.000957,5242510.0,3152760.0,457.476795004,
2017-05-23,492259.702168,1890,12712600.0,0.000948,2262820.0,2971800.0,525.152772,
2017-05-24,951472.876851,2374,15758400.0,0.001175,3132970.0,3151200.0,315.213567026,
2017-05-25,1153634.13766,5100,19583200.0,0.00146,2124070.0,3352440.0,910.105169995,
2017-05-26,294228.289577,2124,15037100.0,0.001121,1045830.0,3132480.0,639.664121995,
2017-05-27,677269.517537,1324,14098300.0,0.001051,902966.0,3232320.0,1271.62957798,
2017-05-28,129524.801959,1252,11254600.0,0.000839,592817.0,3188640.0,910.566027086,
2017-05-29,73233.6988177,651,12511000.0,0.000933,437332.0,2948400.0,278.560897997,
2017-05-30,73831.3862799,466,11915200.0,0.000889,548715.0,3013920.0,635.967306997,
2017-05-31,92264.708738,991,9987350.0,0.000745,438933.0,3263520.0,731.543602001,
2017-06-01,76205.4800298,564,11641300.0,0.000868,1061320.0,3271320.0,687.297053999,
2017-06-02,176087.766457,933,15448400.0,0.001152,3449880.0,3525600.0,576.166511001,
2017-06-03,233099.559325,1118,21237400.0,0.001584,5156840.0,3559920.0,1686.569755,
2017-06-04,1160071.38784,1866,38073400.0,0.002839,12418000.0,4051320.0,543.702067009,
2017-06-05,2271084.00553,1717,60411500.0,0.004505,16845600.0,4032600.0,354.805793008,
2017-06-06,1862016.89738,1458,72326800.0,0.005394,12489700.0,3973320.0,425.958036001,
2017-06-07,844354.028451,1549,87246900.0,0.006506,6484760.0,3934320.0,374.771676003,
2017-06-08,890797.496156,1605,69624400.0,0.005192,4854810.0,4035720.0,543.289342999,
2017-06-09,1682862.82643,1524,65027900.0,0.004849,3794400.0,3926520.0,607.945177004,
2017-06-10,1843570.32508,1427,68601300.0,0.005116,4407810.0,3963960.0,468.785575001,
2017-06-11,623251.524696,1597,51962600.0,0.003875,4775940.0,3923400.0,469.343667997,
2017-06-12,616025.474737,1378,51844100.0,0.003866,2788730.0,3846960.0,395.289043001,
2017-06-13,570280.90821,1234,42861400.0,0.003196,5535710.0,3904680.0,327.942997003,
2017-06-14,852422.526703,1166,61725700.0,0.004603,3673820.0,3918720.0,304.624479999,
2017-06-15,263474.028975,957,46790300.0,0.003489,2239750.0,3917160.0,471.075217,
2017-06-16,403350.994667,985,45956400.0,0.003427,2259480.0,4017000.0,195.662531001,
2017-06-17,2165173.85566,978,51920800.0,0.003872,1508930.0,3995160.0,403.576158005,
2017-06-18,153470.489144,913,49585700.0,0.003698,1196600.0,3976440.0,279.032720002,
2017-06-19,666871.437959,1678,46231600.0,0.003448,2773170.0,3946800.0,434.416326001,
2017-06-20,278877.641778,1383,41563300.0,0.0031,1806690.0,3987360.0,481.949579,
2017-06-21,157889.125766,1222,41899500.0,0.003125,1116030.0,3932760.0,334.318081,
2017-06-22,161290.188228,1206,39873600.0,0.002974,852256.0,3834480.0,295.964943,
2017-06-23,361241.633353,1579,40533700.0,0.003023,3734860.0,3995160.0,425.707370004,
2017-06-24,287748.005146,1256,53032200.0,0.003955,1693570.0,3926520.0,207.170358002,
2017-06-25,196439.693385,1114,45747400.0,0.003412,1132360.0,3675360.0,565.524007001,
2017-06-26,398316.353789,1336,43907700.0,0.003274,1461240.0,3884400.0,488.447719999,
2017-06-27,302311.929509,1401,40828000.0,0.003045,999769.0,3940560.0,416.621850001,
2017-06-28,141992.897185,1327,38963400.0,0.002906,820351.0,3963960.0,220.335597,
2017-06-29,166421.109991,1083,40390700.0,0.003012,684886.0,3917160.0,429.322406001,
2017-06-30,150743.582308,1008,39728700.0,0.002963,633698.0,3446040.0,316.986335998,
2017-07-01,106227.982287,936,37492200.0,0.002796,812102.0,3817320.0,351.334878999,
2017-07-02,163674.103978,949,37444600.0,0.002792,619352.0,3711240.0,429.267541,
2017-07-03,170031.290273,1236,39390400.0,0.002938,1932330.0,3687840.0,374.056272001,
2017-07-04,282902.357396,1050,44555500.0,0.003323,1103310.0,3641040.0,261.399383998,
2017-07-05,269453.586174,1444,45145100.0,0.003367,2090620.0,3939000.0,388.999292001,
2017-07-06,648624.918496,2012,50925200.0,0.003798,7349140.0,3962400.0,412.12905,
2017-07-07,433213.360541,1516,63070800.0,0.004703,5351120.0,4054440.0,325.039558999,
2017-07-08,233488.444308,1316,45961600.0,0.003428,2247740.0,3984240.0,432.459684999,
2017-07-09,243717.31181,1271,52298600.0,0.0039,1054260.0,4020120.0,340.015946998,
2017-07-10,477119.103039,1280,49055100.0,0.003658,1962190.0,3924960.0,372.344121992,
2017-07-11,276764.074842,1497,36105400.0,0.002693,2440680.0,3887520.0,200.774431999,
2017-07-12,188982.926023,1489,32786200.0,0.002445,1534480.0,4052880.0,293.067138999,
2017-07-13,199003.100669,1287,38059000.0,0.002838,1646540.0,4049760.0,236.457535999,
2017-07-14,119829.688945,1214,35467400.0,0.002645,1111590.0,4026360.0,251.858044,
2017-07-15,102714.031058,1150,31520500.0,0.002351,544098.0,3873480.0,200.371309,
2017-07-16,88039.9367206,1103,28467000.0,0.002123,485807.0,3722160.0,733.357319,
2017-07-17,122714.839905,1114,26803100.0,0.001999,762260.0,3998280.0,366.237807,
2017-07-18,140070.707695,1202,32492000.0,0.002423,2506900.0,3859440.0,641.890755,
2017-07-19,316656.577088,1013,37051800.0,0.002763,1212590.0,3987360.0,162.055523993,
2017-07-20,133953.156849,1053,34181100.0,0.002549,846866.0,3867240.0,148.934782001,
2017-07-21,164120.900095,1149,44051800.0,0.003285,693310.0,3942120.0,152.537685,
2017-07-22,125069.572833,999,40773900.0,0.003041,1320850.0,3923400.0,289.813919,
2017-07-23,243489.783861,973,46299700.0,0.003453,1018840.0,3238560.0,417.311115001,
2017-07-24,198595.531789,1007,45356100.0,0.003382,1085000.0,3416400.0,305.120781999,
2017-07-25,169223.931099,991,46225100.0,0.003447,1565000.0,3736200.0,247.976280001,
2017-07-26,209015.474904,1159,39132200.0,0.002918,527499.0,3876600.0,181.762974,
2017-07-27,136988.946555,1107,38258800.0,0.002853,403387.0,3698760.0,351.573329001,
2017-07-28,311013.467465,985,39625100.0,0.002955,765866.0,3689400.0,166.377134,
2017-07-29,161116.577228,952,38049000.0,0.002837,442952.0,3843840.0,286.215688999,
2017-07-30,175876.396146,1014,39726400.0,0.002963,381432.0,3985800.0,374.977755999,
2017-07-31,1402631.27964,1148,39329400.0,0.002933,574812.0,3873480.0,337.092792986,
2017-08-01,282459.418801,1235,40684000.0,0.003034,1416960.0,3857880.0,352.108144001,
2017-08-02,332856.02148,1341,40984400.0,0.003056,1315040.0,3978000.0,299.116789998,
2017-08-03,467841.774231,1209,39883200.0,0.002974,677314.0,3893760.0,420.625047004,
2017-08-04,263368.047554,1159,39987000.0,0.002982,731566.0,4002960.0,343.212744001,
2017-08-05,161083.160473,1107,40961300.0,0.003055,969930.0,4052880.0,164.243776001,
2017-08-06,173382.541686,1198,45399200.0,0.003386,780766.0,4017000.0,287.559006999,
2017-08-07,495268.884388,1239,44917000.0,0.00335,1262230.0,4002960.0,171.323440999,
2017-08-08,444137.486812,1294,45030100.0,0.003358,1278610.0,4056000.0,209.374062998,
2017-08-09,321890.61615,1223,44469100.0,0.003316,915199.0,4024800.0,267.633156997,
2017-08-10,637024.104572,1283,42143100.0,0.003143,2983320.0,4051320.0,257.016599003,
2017-08-11,298768.82255,1415,34807200.0,0.002596,2907700.0,4034160.0,347.747644001,
2017-08-12,311168.015187,1195,31834900.0,0.002374,2235980.0,3978000.0,184.634225997,
2017-08-13,286592.07782,1368,37874500.0,0.002824,1979240.0,4043520.0,183.593384003,
2017-08-14,327671.217878,1646,31594200.0,0.002356,1663070.0,4038840.0,249.656826998,
2017-08-15,218746.125383,1686,26109800.0,0.001947,5654350.0,4054440.0,429.855274001,
2017-08-16,166982.627825,1330,35648600.0,0.002658,3085850.0,4029480.0,224.269193001,
2017-08-17,145643.341407,1417,33553000.0,0.002502,1649550.0,4015440.0,336.311544001,
2017-08-18,251945.087504,1724,33289100.0,0.002482,2105590.0,4037280.0,435.835717001,
2017-08-19,129293.132139,1336,27544500.0,0.002054,766239.0,4041960.0,407.229531,
2017-08-20,84788.0443673,1247,27796200.0,0.002073,1138590.0,4043520.0,291.425453997,
2017-08-21,154973.432567,1310,28294400.0,0.00211,737684.0,4059120.0,185.755409999,
2017-08-22,67123.86673,1178,27376700.0,0.002042,670162.0,4073160.0,576.642631,
2017-08-23,205731.507357,1319,27949000.0,0.002084,943903.0,4010760.0,529.746778,
2017-08-24,215604.466437,1404,30544200.0,0.002278,2214120.0,4041960.0,835.558376999,
2017-08-25,144273.984172,1280,31349000.0,0.002338,733213.0,4037280.0,1006.796615,
2017-08-26,809650.899885,1159,30452800.0,0.002271,838230.0,4018560.0,1127.599508,
2017-08-27,382059.828689,1906,33182000.0,0.002475,7841390.0,4068480.0,962.062870001,
2017-08-28,758882.213358,1986,41406800.0,0.003088,5973380.0,4043520.0,691.701883002,
2017-08-29,1133930.62869,1760,48255200.0,0.003599,2833480.0,4015440.0,240.091766995,
2017-08-30,319200.890762,2061,47431800.0,0.003537,5788700.0,4054440.0,1119.100512,
2017-08-31,1915956.28684,3713,68723700.0,0.005125,26598600.0,3998280.0,1073.752738,
2017-09-01,1303390.70848,2487,85762100.0,0.006396,12679900.0,3976440.0,840.994450001,
2017-09-02,573903.772495,1899,71300300.0,0.005317,4094770.0,4052880.0,753.941748998,
2017-09-03,1043212.69777,1967,66162800.0,0.004934,6188560.0,4059120.0,410.888625998,
2017-09-04,2393155.63026,2322,76788400.0,0.005726,8473250.0,4038840.0,748.136296999,
2017-09-05,2684233.9391,3490,78525000.0,0.005856,22165900.0,4049760.0,770.697551007,
2017-09-06,2058358.93758,2962,90108200.0,0.00672,9241650.0,3995160.0,543.090626005,
2017-09-07,1961872.77379,2753,104077000.0,0.007761,5787040.0,3993600.0,552.829855005,
2017-09-08,1554532.41036,2616,98806000.0,0.007368,5065190.0,4048200.0,513.211487994,
2017-09-09,1282989.75469,1974,91718200.0,0.00684,2019310.0,4038840.0,282.232287998,
2017-09-10,4849283.17939,2362,92331100.0,0.006886,11644000.0,4038840.0,523.453216009,
2017-09-11,1026894.87465,2718,106575000.0,0.007948,6125920.0,4068480.0,672.064955,
2017-09-12,1431187.66458,2431,101713000.0,0.007585,6703720.0,3949920.0,704.982681995,
2017-09-13,862660.851444,2753,94104000.0,0.007018,5005870.0,3868800.0,738.049860001,
2017-09-14,707444.038603,2339,85254200.0,0.006358,3234950.0,3912480.0,886.745280002,
2017-09-15,1041536.17741,2806,62663300.0,0.004673,7011850.0,4017000.0,742.673888996,
2017-09-16,1512080.53026,2064,70624900.0,0.005267,4272440.0,4076280.0,866.181816991,
2017-09-17,600475.655497,2022,79186200.0,0.005905,2152950.0,4020120.0,704.688560997,
2017-09-18,956038.678592,2173,79276400.0,0.005912,2127450.0,3978000.0,638.887024999,
2017-09-19,701700.862997,2013,87494700.0,0.006525,2735370.0,4007640.0,368.624637999,
2017-09-20,477900.422651,1705,85007100.0,0.006339,1712170.0,4046640.0,275.238853997,
2017-09-21,2341757.4894,1865,84751600.0,0.00632,2531690.0,4048200.0,800.821748989,
2017-09-22,877982.173772,1744,73801100.0,0.005504,1636200.0,4049760.0,458.366511002,
2017-09-23,164389.566448,1495,71592300.0,0.005339,849756.0,4013880.0,280.886418,
2017-09-24,205548.09644,1703,74660900.0,0.005568,1723480.0,4068480.0,596.473145,
2017-09-25,1180414.42979,1724,77804300.0,0.005802,1642540.0,4024800.0,405.167118004,
2017-09-26,1303300.69539,1651,80709200.0,0.006019,1797350.0,4056000.0,535.885118005,
2017-09-27,1018924.11248,1820,83933800.0,0.006259,1974780.0,4009200.0,361.301693,
2017-09-28,601211.856689,1711,85745200.0,0.006394,2130920.0,3960840.0,299.501314002,
2017-09-29,997729.757615,2449,86593200.0,0.006458,5710560.0,4065360.0,679.931272998,
2017-09-30,1254151.51706,2053,91190200.0,0.0068,1561510.0,4027920.0,520.538588,
2017-10-01,1046165.46978,2179,93219300.0,0.006952,2119090.0,3996720.0,1066.640555,
2017-10-02,11778633.6316,3571,95480400.0,0.00712,8516350.0,3999840.0,2143.81314401,
2017-10-03,4114058.807,2230,96383300.0,0.007188,2317670.0,4057560.0,608.406744006,
2017-10-04,3637121.87398,2266,90788000.0,0.00677,1636230.0,3987360.0,991.904122019,
2017-10-05,2368350.87046,1954,85202600.0,0.006354,1451030.0,3987360.0,646.309753993,
2017-10-06,2011480.53871,1927,83960700.0,0.006261,1983040.0,3996720.0,905.975962995,
2017-10-07,2056464.74644,1999,89013500.0,0.006638,2094690.0,3995160.0,659.606352001,
2017-10-08,1796075.67512,1984,86214200.0,0.006429,3011250.0,4059120.0,817.767031997,
2017-10-09,1748297.93155,2261,70902000.0,0.005287,3109910.0,4021680.0,713.705981996,
2017-10-10,2684618.7593,1967,75773200.0,0.005651,1513390.0,3970200.0,615.762426994,
2017-10-11,1638448.71606,1882,78053700.0,0.005538,1808680.0,4020120.0,610.378469,
2017-10-12,2659056.1421,1841,79670600.0,0.005652,2282270.0,3982680.0,522.261186997,
2017-10-13,1803942.43887,2076,72330400.0,0.005128,2696760.0,3923400.0,551.002042993,
2017-10-14,1435133.53333,1809,74096700.0,0.005252,1693140.0,4004520.0,367.403638998,
2017-10-15,1470631.11144,1897,71122500.0,0.00504,3050630.0,3976440.0,548.894083022,
2017-10-16,1872054.80312,1898,77114000.0,0.005463,1973510.0,3734640.0,1061.70183,
2017-10-17,5509010.44202,2021,72768100.0,0.005154,1735700.0,3973320.0,920.533675997,
2017-10-18,2023621.63163,1657,68819700.0,0.004873,1718860.0,3809520.0,641.585469994,
2017-10-19,2318535.34403,1834,71109100.0,0.005033,1339100.0,3864120.0,1046.14646999,
2017-10-20,1319024.73017,1831,69348800.0,0.004907,1796240.0,3918720.0,1132.282074,
2017-10-21,1286530.09885,1918,62890500.0,0.004449,1853300.0,3953040.0,859.365916003,
2017-10-22,530133.044917,3247,67971500.0,0.004807,1443660.0,3940560.0,1069.652055,
2017-10-23,658665.209523,1793,66087100.0,0.004673,1534870.0,3965520.0,1028.612493,
2017-10-24,2747759.99885,2523,65478400.0,0.004628,7556820.0,3953040.0,1069.67213601,
2017-10-25,1108050.17747,1988,81999200.0,0.005794,2534310.0,3956160.0,1087.186065,
2017-10-26,761085.043638,1804,74772700.0,0.005282,1917420.0,3963960.0,990.272337,
2017-10-27,1201359.96791,1557,73367800.0,0.005181,1462990.0,3842280.0,968.222632997,
2017-10-28,1069836.14045,1541,75914400.0,0.00536,1735710.0,3881280.0,712.662055004,
2017-10-29,457021.687534,1605,74631200.0,0.005268,1629090.0,3828240.0,905.685329001,
2017-10-30,1157768.15453,1845,73320200.0,0.005174,2412710.0,3605160.0,697.987436001,
2017-10-31,7306044.62548,2589,79367800.0,0.005599,13949100.0,3862560.0,594.176880001,
2017-11-01,8905340.1306,2544,99766400.0,0.007036,7702290.0,3650400.0,924.065209015,
2017-11-02,3142694.905,2163,87938200.0,0.006201,4871020.0,3943680.0,1175.11388299,
2017-11-03,2729788.38335,2479,83780400.0,0.005906,5205730.0,3948360.0,600.791253997,
2017-11-04,4687608.96538,3392,100900000.0,0.00711,9060670.0,3974880.0,998.112687997,
2017-11-05,23510193.4659,3835,109309000.0,0.007701,9120990.0,3960840.0,1149.32530101,
2017-11-06,31054196.018,4674,120924000.0,0.008517,15782700.0,3934320.0,1141.08508002,
2017-11-07,13574191.9009,3515,111852000.0,0.007876,13530400.0,3837600.0,1395.39015703,
2017-11-08,4560886.86009,2794,105112000.0,0.007399,10436000.0,3893760.0,1666.26281399,
2017-11-09,3929129.85461,2542,112417000.0,0.007911,4518290.0,3807960.0,1568.130413,
2017-11-10,5245517.94847,2677,106391000.0,0.007485,3987030.0,4015440.0,1761.92456099,
2017-11-11,9756291.87519,2244,91621300.0,0.006444,2749640.0,3842280.0,1329.11045601,
2017-11-12,4506124.26973,2420,88791200.0,0.006228,4172140.0,3828240.0,987.493825002,
2017-11-13,3989051.40101,2579,77032800.0,0.005402,2525080.0,4049760.0,822.38516592,
2017-11-14,1246677.96822,2155,87615800.0,0.006143,2045030.0,3948360.0,748.930049005,
2017-11-15,4671034.8314,2402,88670700.0,0.006215,3029220.0,3876600.0,783.305944991,
2017-11-16,7492686.53082,2264,94741300.0,0.006638,2973370.0,3932760.0,855.400947975,
2017-11-17,7931060.01931,1928,90788700.0,0.00636,2212420.0,3868800.0,1080.48721097,
2017-11-18,10894843.9889,1887,86867200.0,0.006083,1926720.0,3918720.0,1420.88668694,
2017-11-19,10408722.3823,1999,86881500.0,0.006083,3189610.0,3926520.0,1154.89825494,
2017-11-20,9350979.42502,2144,87439300.0,0.00612,3703680.0,3853200.0,404.381750961,
2017-11-21,10177671.3187,2241,82376800.0,0.005764,2561260.0,3889080.0,377.316778019,
2017-11-22,13391438.4378,2349,85767300.0,0.006,3124250.0,3967080.0,411.824133025,
2017-11-23,15117686.1842,2752,82272700.0,0.005754,4320440.0,3921840.0,481.662727006,
2017-11-24,17170473.7198,2279,76925500.0,0.005378,1937470.0,3848520.0,476.729559044,
2017-11-25,13047168.483,2369,76503000.0,0.005347,1972920.0,3875040.0,1913.61865403,
2017-11-26,15199852.4229,2597,82482200.0,0.005764,3279390.0,3887520.0,2186.19081302,
2017-11-27,11167803.1644,3087,98756200.0,0.006899,5292330.0,3767400.0,2946.94769303,
2017-11-28,10759717.9953,2532,94785400.0,0.00662,3405020.0,3836040.0,1865.14410901,
2017-11-29,13265916.6995,2609,90568800.0,0.006324,3923970.0,3864120.0,1885.43043802,
2017-11-30,7257107.81123,2308,77867500.0,0.005435,2238420.0,3836040.0,1552.49590201,
2017-12-01,4834857.50402,2209,79002500.0,0.005513,1803340.0,3731520.0,1420.540102,
2017-12-02,2960042.45181,2164,88895000.0,0.006202,2385550.0,3806400.0,1465.856133,
2017-12-03,2128082.96364,2930,87978200.0,0.006136,5592120.0,3850080.0,2263.47622,
2017-12-04,2659206.62562,3331,98308300.0,0.006855,7735120.0,3898440.0,1685.138873,
2017-12-05,4246634.0878,3182,113601000.0,0.007919,6136980.0,3842280.0,1659.413782,
2017-12-06,6226832.13145,2892,109316000.0,0.007618,6034820.0,3268200.0,1148.937679,
2017-12-07,19910819.9708,3291,112922000.0,0.007868,7877410.0,3224520.0,1004.50483689,
2017-12-08,12244426.208,2906,124572000.0,0.008677,5311020.0,3405480.0,724.102969982,
2017-12-09,11513689.2086,2943,128031000.0,0.008916,3849740.0,3960840.0,653.928888983,
2017-12-10,15668451.7871,2731,125143000.0,0.008712,3091980.0,3945240.0,842.242909985,
2017-12-11,21995697.2143,3207,117988000.0,0.008212,4143160.0,3963960.0,590.934349974,
2017-12-12,4827250.17911,3618,127979000.0,0.008905,5287600.0,3742440.0,664.244941998,
2017-12-13,55740712.3677,6253,132294000.0,0.009203,36652000.0,3783000.0,1569.06366195,
2017-12-14,53901970.7414,8089,208747000.0,0.014517,85882100.0,3926520.0,1821.6235589,
2017-12-15,20514399.6505,6139,276718000.0,0.019239,46278500.0,3948360.0,1435.44977394,
2017-12-16,45856983.2983,9021,269341000.0,0.018721,254115000.0,4006080.0,1961.87001986,
2017-12-17,107089526.957,15470,600370000.0,0.041717,591389000.0,3957720.0,3394.98179082,
2017-12-18,44845207.8043,8809,752705000.0,0.052265,157485000.0,4009200.0,2198.48236301,
2017-12-19,131786592.615,8324,858594000.0,0.059601,200742000.0,3934320.0,2404.95876502,
2017-12-20,483291711.258,13648,1135060000.0,0.07877,981665000.0,4071600.0,3439.41355319,
2017-12-21,281382066.226,14980,2079900000.0,0.144295,374103000.0,3926520.0,3767.0463892,
2017-12-22,292497932.264,12841,1859410000.0,0.128681,295942000.0,3706560.0,3524.08932024,
2017-12-23,297763658.034,15868,1815570000.0,0.125615,972487000.0,4021680.0,4998.09965926,
2017-12-24,7531446505.98,16222,3253520000.0,0.224923,478059000.0,4035720.0,4076.32285015,
2017-12-25,22751977551.1,16487,3737570000.0,0.258386,457610000.0,3978000.0,5383.38876209,
2017-12-26,16940648856.4,15789,2523880000.0,0.175387,745294000.0,4110600.0,1918058.38423,
2017-12-27,9054175555.65,15522,2842820000.0,0.197493,393269000.0,4007640.0,63655.9429362,
2017-12-28,10666777911.2,15584,1988770000.0,0.138123,580885000.0,3965520.0,6777.96656928,
2017-12-29,8186957917.27,14437,2420060000.0,0.16803,328949000.0,4076280.0,11288.5790421,
2017-12-30,5690756508.46,12512,2311050000.0,0.160416,236381000.0,4032600.0,3286.28832919,
2017-12-31,7779446412.68,15160,2034410000.0,0.141174,920813000.0,4027920.0,16590.2958785,
2018-01-01,4027782131.88,17543,3195980000.0,0.221716,816280000.0,4080960.0,65827.7497294,
2018-01-02,1427551336.49,15413,2266240000.0,0.157163,451026000.0,4035720.0,66936.1898201,
2018-01-03,689206187.681,13849,2089650000.0,0.144876,354873000.0,3884400.0,49953.934431,
2018-01-04,1518397734.44,14470,2107470000.0,0.145384,677836000.0,3974880.0,4929.93768728,
2018-01-05,1779709148.75,11810,2312330000.0,0.159472,544342000.0,4074720.0,4643.40461999,
2018-01-06,751620295.187,10617,2623240000.0,0.180864,290822000.0,4034160.0,4648.18320899,
2018-01-07,557151355.432,12240,2542480000.0,0.175244,252851000.0,4032600.0,4295.25747499,
2018-01-08,1214193178.8,13244,2620880000.0,0.1806,430047000.0,3985800.0,4529.436346,
2018-01-09,1610139083.16,15936,2573020000.0,0.177253,787881000.0,3979560.0,8095.58727209,
2018-01-10,754631456.032,12333,2821190000.0,0.194296,264043000.0,4032600.0,3897.68636098,
2018-01-11,1037989981.07,11574,2460940000.0,0.169438,187560000.0,4001400.0,3794.36250107,
2018-01-12,1260387857.44,10165,2091310000.0,0.143948,144104000.0,4035720.0,3527.180032,
2018-01-13,1196923412.37,9256,2311320000.0,0.159047,111856000.0,4046640.0,3119.40662899,
2018-01-14,951952617.147,9464,2277920000.0,0.156392,77869600.0,4013880.0,3324.67044799,
2018-01-15,698593397.932,9241,2006310000.0,0.137658,132872000.0,4056000.0,4814.20264899,
2018-01-16,1077530149.2,12859,1685600000.0,0.115621,176634000.0,3988920.0,3766.30353204,
2018-01-17,513128457.568,11797,1231520000.0,0.084451,147975000.0,3953040.0,3900.518147,
2018-01-18,230317555.411,11617,1346230000.0,0.091741,253007000.0,3884400.0,3694.69342803,
2018-01-19,63877364.1693,9257,1654650000.0,0.112719,105534000.0,3967080.0,3045.48720602,
2018-01-20,342572201.523,16040,1579210000.0,0.107536,87648700.0,4054440.0,4419.98721904,
2018-01-21,263763926.533,13643,1609420000.0,0.109132,211031000.0,3953040.0,3723.85648501,
2018-01-22,103498342.091,13398,1520800000.0,0.104893,74751100.0,4006080.0,5091.32178599,
2018-01-23,190516897.529,7380,1368890000.0,0.094389,48633200.0,4024800.0,2977.19524199,
2018-01-24,156908310.072,7552,1352210000.0,0.093213,56160000.0,4056000.0,1989.348372,
2018-01-25,138860303.437,6989,1375860000.0,0.094816,45742100.0,4032600.0,1678.36047,
2018-01-26,88805313.2206,6380,1299830000.0,0.089551,64874700.0,4031040.0,2100.29780697,
2018-01-27,47998814.7069,6929,1276620000.0,0.087927,47387500.0,4051320.0,2256.315497,
2018-01-28,11273567.415,6270,1372430000.0,0.0945,47936600.0,4060680.0,1928.59802,
2018-01-29,19353508.6716,6217,1330540000.0,0.09159,32948000.0,4049760.0,2643.76056399,
2018-01-30,30150544.0593,6066,1240790000.0,0.085387,43002700.0,4041960.0,2160.294017,
2018-01-31,68961037.1903,7044,1001540000.0,0.068903,27155800.0,4057560.0,1826.588758,
2018-02-01,19745696.389,7143,1014360000.0,0.069766,39407700.0,4043520.0,1822.888582,
2018-02-02,115891785.087,7561,848117000.0,0.058315,46633700.0,4046640.0,1869.772917,
2018-02-03,110108559.522,6959,792570000.0,0.054481,49307900.0,4020120.0,1732.191064,
2018-02-04,95453189.9503,6337,943517000.0,0.064838,28513800.0,4071600.0,1659.277269,
2018-02-05,116360580.76,6894,783589000.0,0.053833,23695200.0,4041960.0,1720.43247,
2018-02-06,106715776.912,8137,629594000.0,0.043242,39727000.0,4049760.0,1924.621132,
2018-02-07,240211895.045,7212,750269000.0,0.051515,25558100.0,4035720.0,1772.17969801,
2018-02-08,97961374.5478,5599,697936000.0,0.047908,22484500.0,4045080.0,1418.43556999,
2018-02-09,145241080.251,6456,761343000.0,0.052246,14679200.0,4052880.0,2094.52233799,
2018-02-10,159454181.746,6760,841023000.0,0.057698,40634900.0,4049760.0,2701.08771999,
2018-02-11,75891529.3287,5859,825599000.0,0.056624,15679700.0,4062240.0,2865.87085099,
2018-02-12,100485698.959,6643,752690000.0,0.051609,13958900.0,4070040.0,3170.620505,
2018-02-13,36208108.0377,6007,816477000.0,0.055966,10987200.0,4041960.0,3105.611511,
2018-02-14,131706893.733,6501,772900000.0,0.052964,18815500.0,4080960.0,3380.8378,
2018-02-15,105435186.963,6018,865811000.0,0.05857,19776800.0,4057560.0,3482.96049,
2018-02-16,86689307.6603,6040,875593000.0,0.059213,48604700.0,4079400.0,3804.79888599,
2018-02-17,163051851.031,8516,1009220000.0,0.068229,349131000.0,4068480.0,5149.73242099,
2018-02-18,51118606.2941,6418,1303040000.0,0.089199,111774000.0,4059120.0,3782.101264,
2018-02-19,37852477.1672,6572,1102440000.0,0.075448,86298800.0,4066920.0,3551.753206,
2018-02-20,161804493.327,6446,1204580000.0,0.082414,58246300.0,4046640.0,3577.122491,
2018-02-21,131760073.535,5832,1022620000.0,0.069946,40620700.0,4082520.0,3294.571082,
2018-02-22,70298881.1103,5356,946758000.0,0.064739,28040700.0,4068480.0,3234.519335,
2018-02-23,36784264.4142,5140,864133000.0,0.059073,26140000.0,4054440.0,3047.557521,
2018-02-24,26589355.7131,4660,897200000.0,0.061316,15957400.0,4059120.0,2726.610423,
2018-02-25,28435072.8881,5090,838163000.0,0.057265,20605800.0,4052880.0,3119.67628599,
2018-02-26,23310216.4271,5750,855437000.0,0.058429,16848800.0,4066920.0,3381.088473,
2018-02-27,25540805.1815,5250,894523000.0,0.061082,17610400.0,4045080.0,3443.797507,
2018-02-28,16491498.0694,12830,880480000.0,0.060107,18267000.0,4071600.0,3984.934229,
2018-03-01,48112506.4294,7510,786877000.0,0.053702,72097200.0,4035720.0,3544.570435,
2018-03-02,53085758.8722,5008,863144000.0,0.05889,52483700.0,4048200.0,3093.717363,
2018-03-03,39125607.9671,4967,873904000.0,0.059608,18436600.0,4063800.0,2919.745864,
2018-03-04,33481676.1361,5369,816890000.0,0.055704,13547200.0,4051320.0,3125.271352,
